Grid bounds: GeneralBounds[(-1.3199507999999998E7, 3976793.999999999), (-1.3009507999999998E7, 4106793.9999999995)]
Grid CRS: PROJCS["WGS 84 / Pseudo-Mercator", 
  GEOGCS["WGS 84", 
    DATUM["World Geodetic System 1984", 
      SPHEROID["WGS 84", 6378137.0, 298.257223563, AUTHORITY["EPSG","7030"]], 
      AUTHORITY["EPSG","6326"]], 
    PRIMEM["Greenwich", 0.0, AUTHORITY["EPSG","8901"]], 
    UNIT["degree", 0.017453292519943295], 
    AXIS["Geodetic longitude", EAST], 
    AXIS["Geodetic latitude", NORTH], 
    AUTHORITY["EPSG","4326"]], 
  PROJECTION["Popular Visualisation Pseudo Mercator", AUTHORITY["EPSG","1024"]], 
  PARAMETER["semi_minor", 6378137.0], 
  PARAMETER["latitude_of_origin", 0.0], 
  PARAMETER["central_meridian", 0.0], 
  PARAMETER["scale_factor", 1.0], 
  PARAMETER["false_easting", 0.0], 
  PARAMETER["false_northing", 0.0], 
  UNIT["m", 1.0], 
  AXIS["Easting", EAST], 
  AXIS["Northing", NORTH], 
  AUTHORITY["EPSG","3857"]]
Grid range: GridEnvelope2D[0..142, 0..96]
Grid to world: PARAM_MT["Affine", 
  PARAMETER["num_row", 3], 
  PARAMETER["num_col", 3], 
  PARAMETER["elt_0_0", 1328.6713286713343], 
  PARAMETER["elt_0_2", -13198843.664335662], 
  PARAMETER["elt_1_1", -1340.2061855670158], 
  PARAMETER["elt_1_2", 4106123.896907216]]
Contents:
Band 0:
6.2202883 6.2202883 6.2202883 6.2202883 6.2202883 6.2202883 6.2202883 7.580976 7.580976 7.580976 7.580976 7.580976 7.580976 7.580976 7.580976 8.941664 8.941664 8.941664 8.941664 8.941664 8.941664 8.941664 9.913584 9.913584 9.913584 9.913584 9.913584 9.913584 9.913584 9.913584 8.941664 8.941664 8.941664 8.941664 8.941664 8.941664 8.941664 8.941664 5.83152 5.83152 5.83152 5.83152 5.83152 5.83152 5.83152 4.2764482 4.2764482 4.2764482 4.2764482 4.2764482 4.2764482 4.2764482 4.2764482 4.082064 4.082064 4.082064 4.082064 4.082064 4.082064 4.082064 4.082064 4.082064 4.082064 4.082064 4.082064 4.082064 4.082064 4.082064 4.082064 4.082064 4.082064 4.082064 4.082064 4.082064 4.082064 5.053984 5.053984 5.053984 5.053984 5.053984 5.053984 5.053984 5.053984 5.053984 5.053984 5.053984 5.053984 5.053984 5.053984 5.053984 5.053984 5.053984 5.053984 5.053984 5.053984 5.053984 5.053984 5.053984 5.053984 5.053984 5.053984 5.053984 5.053984 5.053984 5.053984 4.082064 4.082064 4.082064 4.082064 4.082064 4.082064 4.082064 4.082064 3.693296 3.693296 3.693296 3.693296 3.693296 3.693296 3.693296 4.2764482 4.2764482 4.2764482 4.2764482 4.2764482 4.2764482 4.2764482 4.2764482 5.637136 5.637136 5.637136 5.637136 5.637136 5.637136 5.637136 4.082064 4.082064 4.082064 4.082064 4.082064 4.082064 4.082064 4.082064
6.2202883 6.2202883 6.2202883 6.2202883 6.2202883 6.2202883 6.2202883 7.580976 7.580976 7.580976 7.580976 7.580976 7.580976 7.580976 7.580976 8.941664 8.941664 8.941664 8.941664 8.941664 8.941664 8.941664 9.913584 9.913584 9.913584 9.913584 9.913584 9.913584 9.913584 9.913584 8.941664 8.941664 8.941664 8.941664 8.941664 8.941664 8.941664 8.941664 5.83152 5.83152 5.83152 5.83152 5.83152 5.83152 5.83152 4.2764482 4.2764482 4.2764482 4.2764482 4.2764482 4.2764482 4.2764482 4.2764482 4.082064 4.082064 4.082064 4.082064 4.082064 4.082064 4.082064 4.082064 4.082064 4.082064 4.082064 4.082064 4.082064 4.082064 4.082064 4.082064 4.082064 4.082064 4.082064 4.082064 4.082064 4.082064 5.053984 5.053984 5.053984 5.053984 5.053984 5.053984 5.053984 5.053984 5.053984 5.053984 5.053984 5.053984 5.053984 5.053984 5.053984 5.053984 5.053984 5.053984 5.053984 5.053984 5.053984 5.053984 5.053984 5.053984 5.053984 5.053984 5.053984 5.053984 5.053984 5.053984 4.082064 4.082064 4.082064 4.082064 4.082064 4.082064 4.082064 4.082064 3.693296 3.693296 3.693296 3.693296 3.693296 3.693296 3.693296 4.2764482 4.2764482 4.2764482 4.2764482 4.2764482 4.2764482 4.2764482 4.2764482 5.637136 5.637136 5.637136 5.637136 5.637136 5.637136 5.637136 4.082064 4.082064 4.082064 4.082064 4.082064 4.082064 4.082064 4.082064
6.2202883 6.2202883 6.2202883 6.2202883 6.2202883 6.2202883 6.2202883 7.580976 7.580976 7.580976 7.580976 7.580976 7.580976 7.580976 7.580976 8.941664 8.941664 8.941664 8.941664 8.941664 8.941664 8.941664 9.913584 9.913584 9.913584 9.913584 9.913584 9.913584 9.913584 9.913584 8.941664 8.941664 8.941664 8.941664 8.941664 8.941664 8.941664 8.941664 5.83152 5.83152 5.83152 5.83152 5.83152 5.83152 5.83152 4.2764482 4.2764482 4.2764482 4.2764482 4.2764482 4.2764482 4.2764482 4.2764482 4.082064 4.082064 4.082064 4.082064 4.082064 4.082064 4.082064 4.082064 4.082064 4.082064 4.082064 4.082064 4.082064 4.082064 4.082064 4.082064 4.082064 4.082064 4.082064 4.082064 4.082064 4.082064 5.053984 5.053984 5.053984 5.053984 5.053984 5.053984 5.053984 5.053984 5.053984 5.053984 5.053984 5.053984 5.053984 5.053984 5.053984 5.053984 5.053984 5.053984 5.053984 5.053984 5.053984 5.053984 5.053984 5.053984 5.053984 5.053984 5.053984 5.053984 5.053984 5.053984 4.082064 4.082064 4.082064 4.082064 4.082064 4.082064 4.082064 4.082064 3.693296 3.693296 3.693296 3.693296 3.693296 3.693296 3.693296 4.2764482 4.2764482 4.2764482 4.2764482 4.2764482 4.2764482 4.2764482 4.2764482 5.637136 5.637136 5.637136 5.637136 5.637136 5.637136 5.637136 4.082064 4.082064 4.082064 4.082064 4.082064 4.082064 4.082064 4.082064
6.2202883 6.2202883 6.2202883 6.2202883 6.2202883 6.2202883 6.2202883 7.580976 7.580976 7.580976 7.580976 7.580976 7.580976 7.580976 7.580976 8.941664 8.941664 8.941664 8.941664 8.941664 8.941664 8.941664 9.913584 9.913584 9.913584 9.913584 9.913584 9.913584 9.913584 9.913584 8.941664 8.941664 8.941664 8.941664 8.941664 8.941664 8.941664 8.941664 5.83152 5.83152 5.83152 5.83152 5.83152 5.83152 5.83152 4.2764482 4.2764482 4.2764482 4.2764482 4.2764482 4.2764482 4.2764482 4.2764482 4.082064 4.082064 4.082064 4.082064 4.082064 4.082064 4.082064 4.082064 4.082064 4.082064 4.082064 4.082064 4.082064 4.082064 4.082064 4.082064 4.082064 4.082064 4.082064 4.082064 4.082064 4.082064 5.053984 5.053984 5.053984 5.053984 5.053984 5.053984 5.053984 5.053984 5.053984 5.053984 5.053984 5.053984 5.053984 5.053984 5.053984 5.053984 5.053984 5.053984 5.053984 5.053984 5.053984 5.053984 5.053984 5.053984 5.053984 5.053984 5.053984 5.053984 5.053984 5.053984 4.082064 4.082064 4.082064 4.082064 4.082064 4.082064 4.082064 4.082064 3.693296 3.693296 3.693296 3.693296 3.693296 3.693296 3.693296 4.2764482 4.2764482 4.2764482 4.2764482 4.2764482 4.2764482 4.2764482 4.2764482 5.637136 5.637136 5.637136 5.637136 5.637136 5.637136 5.637136 4.082064 4.082064 4.082064 4.082064 4.082064 4.082064 4.082064 4.082064
6.2202883 6.2202883 6.2202883 6.2202883 6.2202883 6.2202883 6.2202883 7.580976 7.580976 7.580976 7.580976 7.580976 7.580976 7.580976 7.580976 8.941664 8.941664 8.941664 8.941664 8.941664 8.941664 8.941664 9.913584 9.913584 9.913584 9.913584 9.913584 9.913584 9.913584 9.913584 8.941664 8.941664 8.941664 8.941664 8.941664 8.941664 8.941664 8.941664 5.83152 5.83152 5.83152 5.83152 5.83152 5.83152 5.83152 4.2764482 4.2764482 4.2764482 4.2764482 4.2764482 4.2764482 4.2764482 4.2764482 4.082064 4.082064 4.082064 4.082064 4.082064 4.082064 4.082064 4.082064 4.082064 4.082064 4.082064 4.082064 4.082064 4.082064 4.082064 4.082064 4.082064 4.082064 4.082064 4.082064 4.082064 4.082064 5.053984 5.053984 5.053984 5.053984 5.053984 5.053984 5.053984 5.053984 5.053984 5.053984 5.053984 5.053984 5.053984 5.053984 5.053984 5.053984 5.053984 5.053984 5.053984 5.053984 5.053984 5.053984 5.053984 5.053984 5.053984 5.053984 5.053984 5.053984 5.053984 5.053984 4.082064 4.082064 4.082064 4.082064 4.082064 4.082064 4.082064 4.082064 3.693296 3.693296 3.693296 3.693296 3.693296 3.693296 3.693296 4.2764482 4.2764482 4.2764482 4.2764482 4.2764482 4.2764482 4.2764482 4.2764482 5.637136 5.637136 5.637136 5.637136 5.637136 5.637136 5.637136 4.082064 4.082064 4.082064 4.082064 4.082064 4.082064 4.082064 4.082064
6.2202883 6.2202883 6.2202883 6.2202883 6.2202883 6.2202883 6.2202883 7.580976 7.580976 7.580976 7.580976 7.580976 7.580976 7.580976 7.580976 8.941664 8.941664 8.941664 8.941664 8.941664 8.941664 8.941664 9.913584 9.913584 9.913584 9.913584 9.913584 9.913584 9.913584 9.913584 8.941664 8.941664 8.941664 8.941664 8.941664 8.941664 8.941664 8.941664 5.83152 5.83152 5.83152 5.83152 5.83152 5.83152 5.83152 4.2764482 4.2764482 4.2764482 4.2764482 4.2764482 4.2764482 4.2764482 4.2764482 4.082064 4.082064 4.082064 4.082064 4.082064 4.082064 4.082064 4.082064 4.082064 4.082064 4.082064 4.082064 4.082064 4.082064 4.082064 4.082064 4.082064 4.082064 4.082064 4.082064 4.082064 4.082064 5.053984 5.053984 5.053984 5.053984 5.053984 5.053984 5.053984 5.053984 5.053984 5.053984 5.053984 5.053984 5.053984 5.053984 5.053984 5.053984 5.053984 5.053984 5.053984 5.053984 5.053984 5.053984 5.053984 5.053984 5.053984 5.053984 5.053984 5.053984 5.053984 5.053984 4.082064 4.082064 4.082064 4.082064 4.082064 4.082064 4.082064 4.082064 3.693296 3.693296 3.693296 3.693296 3.693296 3.693296 3.693296 4.2764482 4.2764482 4.2764482 4.2764482 4.2764482 4.2764482 4.2764482 4.2764482 5.637136 5.637136 5.637136 5.637136 5.637136 5.637136 5.637136 4.082064 4.082064 4.082064 4.082064 4.082064 4.082064 4.082064 4.082064
6.2202883 6.2202883 6.2202883 6.2202883 6.2202883 6.2202883 6.2202883 7.580976 7.580976 7.580976 7.580976 7.580976 7.580976 7.580976 7.580976 8.941664 8.941664 8.941664 8.941664 8.941664 8.941664 8.941664 9.913584 9.913584 9.913584 9.913584 9.913584 9.913584 9.913584 9.913584 8.941664 8.941664 8.941664 8.941664 8.941664 8.941664 8.941664 8.941664 5.83152 5.83152 5.83152 5.83152 5.83152 5.83152 5.83152 4.2764482 4.2764482 4.2764482 4.2764482 4.2764482 4.2764482 4.2764482 4.2764482 4.082064 4.082064 4.082064 4.082064 4.082064 4.082064 4.082064 4.082064 4.082064 4.082064 4.082064 4.082064 4.082064 4.082064 4.082064 4.082064 4.082064 4.082064 4.082064 4.082064 4.082064 4.082064 5.053984 5.053984 5.053984 5.053984 5.053984 5.053984 5.053984 5.053984 5.053984 5.053984 5.053984 5.053984 5.053984 5.053984 5.053984 5.053984 5.053984 5.053984 5.053984 5.053984 5.053984 5.053984 5.053984 5.053984 5.053984 5.053984 5.053984 5.053984 5.053984 5.053984 4.082064 4.082064 4.082064 4.082064 4.082064 4.082064 4.082064 4.082064 3.693296 3.693296 3.693296 3.693296 3.693296 3.693296 3.693296 4.2764482 4.2764482 4.2764482 4.2764482 4.2764482 4.2764482 4.2764482 4.2764482 5.637136 5.637136 5.637136 5.637136 5.637136 5.637136 5.637136 4.082064 4.082064 4.082064 4.082064 4.082064 4.082064 4.082064 4.082064
4.082064 4.082064 4.082064 4.082064 4.082064 4.082064 4.082064 5.442752 5.442752 5.442752 5.442752 5.442752 5.442752 5.442752 5.442752 6.80344 6.80344 6.80344 6.80344 6.80344 6.80344 6.80344 7.9697437 7.9697437 7.9697437 7.9697437 7.9697437 7.9697437 7.9697437 7.9697437 8.358512 8.358512 8.358512 8.358512 8.358512 8.358512 8.358512 8.358512 7.9697437 7.9697437 7.9697437 7.9697437 7.9697437 7.9697437 7.9697437 5.83152 5.83152 5.83152 5.83152 5.83152 5.83152 5.83152 5.83152 4.470832 4.470832 4.470832 4.470832 4.470832 4.470832 4.470832 4.082064 4.082064 4.082064 4.082064 4.082064 4.082064 4.082064 4.082064 2.91576 2.91576 2.91576 2.91576 2.91576 2.91576 2.91576 4.8596 4.8596 4.8596 4.8596 4.8596 4.8596 4.8596 4.8596 5.053984 5.053984 5.053984 5.053984 5.053984 5.053984 5.053984 4.665216 4.665216 4.665216 4.665216 4.665216 4.665216 4.665216 4.665216 4.665216 4.665216 4.665216 4.665216 4.665216 4.665216 4.665216 3.304528 3.304528 3.304528 3.304528 3.304528 3.304528 3.304528 3.304528 2.91576 2.91576 2.91576 2.91576 2.91576 2.91576 2.91576 3.1101441 3.1101441 3.1101441 3.1101441 3.1101441 3.1101441 3.1101441 3.1101441 6.80344 6.80344 6.80344 6.80344 6.80344 6.80344 6.80344 4.8596 4.8596 4.8596 4.8596 4.8596 4.8596 4.8596 4.8596
4.082064 4.082064 4.082064 4.082064 4.082064 4.082064 4.082064 5.442752 5.442752 5.442752 5.442752 5.442752 5.442752 5.442752 5.442752 6.80344 6.80344 6.80344 6.80344 6.80344 6.80344 6.80344 7.9697437 7.9697437 7.9697437 7.9697437 7.9697437 7.9697437 7.9697437 7.9697437 8.358512 8.358512 8.358512 8.358512 8.358512 8.358512 8.358512 8.358512 7.9697437 7.9697437 7.9697437 7.9697437 7.9697437 7.9697437 7.9697437 5.83152 5.83152 5.83152 5.83152 5.83152 5.83152 5.83152 5.83152 4.470832 4.470832 4.470832 4.470832 4.470832 4.470832 4.470832 4.082064 4.082064 4.082064 4.082064 4.082064 4.082064 4.082064 4.082064 2.91576 2.91576 2.91576 2.91576 2.91576 2.91576 2.91576 4.8596 4.8596 4.8596 4.8596 4.8596 4.8596 4.8596 4.8596 5.053984 5.053984 5.053984 5.053984 5.053984 5.053984 5.053984 4.665216 4.665216 4.665216 4.665216 4.665216 4.665216 4.665216 4.665216 4.665216 4.665216 4.665216 4.665216 4.665216 4.665216 4.665216 3.304528 3.304528 3.304528 3.304528 3.304528 3.304528 3.304528 3.304528 2.91576 2.91576 2.91576 2.91576 2.91576 2.91576 2.91576 3.1101441 3.1101441 3.1101441 3.1101441 3.1101441 3.1101441 3.1101441 3.1101441 6.80344 6.80344 6.80344 6.80344 6.80344 6.80344 6.80344 4.8596 4.8596 4.8596 4.8596 4.8596 4.8596 4.8596 4.8596
4.082064 4.082064 4.082064 4.082064 4.082064 4.082064 4.082064 5.442752 5.442752 5.442752 5.442752 5.442752 5.442752 5.442752 5.442752 6.80344 6.80344 6.80344 6.80344 6.80344 6.80344 6.80344 7.9697437 7.9697437 7.9697437 7.9697437 7.9697437 7.9697437 7.9697437 7.9697437 8.358512 8.358512 8.358512 8.358512 8.358512 8.358512 8.358512 8.358512 7.9697437 7.9697437 7.9697437 7.9697437 7.9697437 7.9697437 7.9697437 5.83152 5.83152 5.83152 5.83152 5.83152 5.83152 5.83152 5.83152 4.470832 4.470832 4.470832 4.470832 4.470832 4.470832 4.470832 4.082064 4.082064 4.082064 4.082064 4.082064 4.082064 4.082064 4.082064 2.91576 2.91576 2.91576 2.91576 2.91576 2.91576 2.91576 4.8596 4.8596 4.8596 4.8596 4.8596 4.8596 4.8596 4.8596 5.053984 5.053984 5.053984 5.053984 5.053984 5.053984 5.053984 4.665216 4.665216 4.665216 4.665216 4.665216 4.665216 4.665216 4.665216 4.665216 4.665216 4.665216 4.665216 4.665216 4.665216 4.665216 3.304528 3.304528 3.304528 3.304528 3.304528 3.304528 3.304528 3.304528 2.91576 2.91576 2.91576 2.91576 2.91576 2.91576 2.91576 3.1101441 3.1101441 3.1101441 3.1101441 3.1101441 3.1101441 3.1101441 3.1101441 6.80344 6.80344 6.80344 6.80344 6.80344 6.80344 6.80344 4.8596 4.8596 4.8596 4.8596 4.8596 4.8596 4.8596 4.8596
4.082064 4.082064 4.082064 4.082064 4.082064 4.082064 4.082064 5.442752 5.442752 5.442752 5.442752 5.442752 5.442752 5.442752 5.442752 6.80344 6.80344 6.80344 6.80344 6.80344 6.80344 6.80344 7.9697437 7.9697437 7.9697437 7.9697437 7.9697437 7.9697437 7.9697437 7.9697437 8.358512 8.358512 8.358512 8.358512 8.358512 8.358512 8.358512 8.358512 7.9697437 7.9697437 7.9697437 7.9697437 7.9697437 7.9697437 7.9697437 5.83152 5.83152 5.83152 5.83152 5.83152 5.83152 5.83152 5.83152 4.470832 4.470832 4.470832 4.470832 4.470832 4.470832 4.470832 4.082064 4.082064 4.082064 4.082064 4.082064 4.082064 4.082064 4.082064 2.91576 2.91576 2.91576 2.91576 2.91576 2.91576 2.91576 4.8596 4.8596 4.8596 4.8596 4.8596 4.8596 4.8596 4.8596 5.053984 5.053984 5.053984 5.053984 5.053984 5.053984 5.053984 4.665216 4.665216 4.665216 4.665216 4.665216 4.665216 4.665216 4.665216 4.665216 4.665216 4.665216 4.665216 4.665216 4.665216 4.665216 3.304528 3.304528 3.304528 3.304528 3.304528 3.304528 3.304528 3.304528 2.91576 2.91576 2.91576 2.91576 2.91576 2.91576 2.91576 3.1101441 3.1101441 3.1101441 3.1101441 3.1101441 3.1101441 3.1101441 3.1101441 6.80344 6.80344 6.80344 6.80344 6.80344 6.80344 6.80344 4.8596 4.8596 4.8596 4.8596 4.8596 4.8596 4.8596 4.8596
4.082064 4.082064 4.082064 4.082064 4.082064 4.082064 4.082064 5.442752 5.442752 5.442752 5.442752 5.442752 5.442752 5.442752 5.442752 6.80344 6.80344 6.80344 6.80344 6.80344 6.80344 6.80344 7.9697437 7.9697437 7.9697437 7.9697437 7.9697437 7.9697437 7.9697437 7.9697437 8.358512 8.358512 8.358512 8.358512 8.358512 8.358512 8.358512 8.358512 7.9697437 7.9697437 7.9697437 7.9697437 7.9697437 7.9697437 7.9697437 5.83152 5.83152 5.83152 5.83152 5.83152 5.83152 5.83152 5.83152 4.470832 4.470832 4.470832 4.470832 4.470832 4.470832 4.470832 4.082064 4.082064 4.082064 4.082064 4.082064 4.082064 4.082064 4.082064 2.91576 2.91576 2.91576 2.91576 2.91576 2.91576 2.91576 4.8596 4.8596 4.8596 4.8596 4.8596 4.8596 4.8596 4.8596 5.053984 5.053984 5.053984 5.053984 5.053984 5.053984 5.053984 4.665216 4.665216 4.665216 4.665216 4.665216 4.665216 4.665216 4.665216 4.665216 4.665216 4.665216 4.665216 4.665216 4.665216 4.665216 3.304528 3.304528 3.304528 3.304528 3.304528 3.304528 3.304528 3.304528 2.91576 2.91576 2.91576 2.91576 2.91576 2.91576 2.91576 3.1101441 3.1101441 3.1101441 3.1101441 3.1101441 3.1101441 3.1101441 3.1101441 6.80344 6.80344 6.80344 6.80344 6.80344 6.80344 6.80344 4.8596 4.8596 4.8596 4.8596 4.8596 4.8596 4.8596 4.8596
4.082064 4.082064 4.082064 4.082064 4.082064 4.082064 4.082064 5.442752 5.442752 5.442752 5.442752 5.442752 5.442752 5.442752 5.442752 6.80344 6.80344 6.80344 6.80344 6.80344 6.80344 6.80344 7.9697437 7.9697437 7.9697437 7.9697437 7.9697437 7.9697437 7.9697437 7.9697437 8.358512 8.358512 8.358512 8.358512 8.358512 8.358512 8.358512 8.358512 7.9697437 7.9697437 7.9697437 7.9697437 7.9697437 7.9697437 7.9697437 5.83152 5.83152 5.83152 5.83152 5.83152 5.83152 5.83152 5.83152 4.470832 4.470832 4.470832 4.470832 4.470832 4.470832 4.470832 4.082064 4.082064 4.082064 4.082064 4.082064 4.082064 4.082064 4.082064 2.91576 2.91576 2.91576 2.91576 2.91576 2.91576 2.91576 4.8596 4.8596 4.8596 4.8596 4.8596 4.8596 4.8596 4.8596 5.053984 5.053984 5.053984 5.053984 5.053984 5.053984 5.053984 4.665216 4.665216 4.665216 4.665216 4.665216 4.665216 4.665216 4.665216 4.665216 4.665216 4.665216 4.665216 4.665216 4.665216 4.665216 3.304528 3.304528 3.304528 3.304528 3.304528 3.304528 3.304528 3.304528 2.91576 2.91576 2.91576 2.91576 2.91576 2.91576 2.91576 3.1101441 3.1101441 3.1101441 3.1101441 3.1101441 3.1101441 3.1101441 3.1101441 6.80344 6.80344 6.80344 6.80344 6.80344 6.80344 6.80344 4.8596 4.8596 4.8596 4.8596 4.8596 4.8596 4.8596 4.8596
4.082064 4.082064 4.082064 4.082064 4.082064 4.082064 4.082064 5.442752 5.442752 5.442752 5.442752 5.442752 5.442752 5.442752 5.442752 6.80344 6.80344 6.80344 6.80344 6.80344 6.80344 6.80344 7.9697437 7.9697437 7.9697437 7.9697437 7.9697437 7.9697437 7.9697437 7.9697437 8.358512 8.358512 8.358512 8.358512 8.358512 8.358512 8.358512 8.358512 7.9697437 7.9697437 7.9697437 7.9697437 7.9697437 7.9697437 7.9697437 5.83152 5.83152 5.83152 5.83152 5.83152 5.83152 5.83152 5.83152 4.470832 4.470832 4.470832 4.470832 4.470832 4.470832 4.470832 4.082064 4.082064 4.082064 4.082064 4.082064 4.082064 4.082064 4.082064 2.91576 2.91576 2.91576 2.91576 2.91576 2.91576 2.91576 4.8596 4.8596 4.8596 4.8596 4.8596 4.8596 4.8596 4.8596 5.053984 5.053984 5.053984 5.053984 5.053984 5.053984 5.053984 4.665216 4.665216 4.665216 4.665216 4.665216 4.665216 4.665216 4.665216 4.665216 4.665216 4.665216 4.665216 4.665216 4.665216 4.665216 3.304528 3.304528 3.304528 3.304528 3.304528 3.304528 3.304528 3.304528 2.91576 2.91576 2.91576 2.91576 2.91576 2.91576 2.91576 3.1101441 3.1101441 3.1101441 3.1101441 3.1101441 3.1101441 3.1101441 3.1101441 6.80344 6.80344 6.80344 6.80344 6.80344 6.80344 6.80344 4.8596 4.8596 4.8596 4.8596 4.8596 4.8596 4.8596 4.8596
1.94384 1.94384 1.94384 1.94384 1.94384 1.94384 1.94384 4.2764482 4.2764482 4.2764482 4.2764482 4.2764482 4.2764482 4.2764482 4.2764482 5.053984 5.053984 5.053984 5.053984 5.053984 5.053984 5.053984 7.386592 7.386592 7.386592 7.386592 7.386592 7.386592 7.386592 7.386592 6.997824 6.997824 6.997824 6.997824 6.997824 6.997824 6.997824 6.997824 7.386592 7.386592 7.386592 7.386592 7.386592 7.386592 7.386592 6.997824 6.997824 6.997824 6.997824 6.997824 6.997824 6.997824 6.997824 6.025904 6.025904 6.025904 6.025904 6.025904 6.025904 6.025904 4.082064 4.082064 4.082064 4.082064 4.082064 4.082064 4.082064 4.082064 3.304528 3.304528 3.304528 3.304528 3.304528 3.304528 3.304528 2.91576 2.91576 2.91576 2.91576 2.91576 2.91576 2.91576 2.91576 7.580976 7.580976 7.580976 7.580976 7.580976 7.580976 7.580976 7.77536 7.77536 7.77536 7.77536 7.77536 7.77536 7.77536 7.77536 7.77536 7.77536 7.77536 7.77536 7.77536 7.77536 7.77536 6.414672 6.414672 6.414672 6.414672 6.414672 6.414672 6.414672 6.414672 5.2483683 5.2483683 5.2483683 5.2483683 5.2483683 5.2483683 5.2483683 8.5528965 8.5528965 8.5528965 8.5528965 8.5528965 8.5528965 8.5528965 8.5528965 6.609056 6.609056 6.609056 6.609056 6.609056 6.609056 6.609056 2.91576 2.91576 2.91576 2.91576 2.91576 2.91576 2.91576 2.91576
1.94384 1.94384 1.94384 1.94384 1.94384 1.94384 1.94384 4.2764482 4.2764482 4.2764482 4.2764482 4.2764482 4.2764482 4.2764482 4.2764482 5.053984 5.053984 5.053984 5.053984 5.053984 5.053984 5.053984 7.386592 7.386592 7.386592 7.386592 7.386592 7.386592 7.386592 7.386592 6.997824 6.997824 6.997824 6.997824 6.997824 6.997824 6.997824 6.997824 7.386592 7.386592 7.386592 7.386592 7.386592 7.386592 7.386592 6.997824 6.997824 6.997824 6.997824 6.997824 6.997824 6.997824 6.997824 6.025904 6.025904 6.025904 6.025904 6.025904 6.025904 6.025904 4.082064 4.082064 4.082064 4.082064 4.082064 4.082064 4.082064 4.082064 3.304528 3.304528 3.304528 3.304528 3.304528 3.304528 3.304528 2.91576 2.91576 2.91576 2.91576 2.91576 2.91576 2.91576 2.91576 7.580976 7.580976 7.580976 7.580976 7.580976 7.580976 7.580976 7.77536 7.77536 7.77536 7.77536 7.77536 7.77536 7.77536 7.77536 7.77536 7.77536 7.77536 7.77536 7.77536 7.77536 7.77536 6.414672 6.414672 6.414672 6.414672 6.414672 6.414672 6.414672 6.414672 5.2483683 5.2483683 5.2483683 5.2483683 5.2483683 5.2483683 5.2483683 8.5528965 8.5528965 8.5528965 8.5528965 8.5528965 8.5528965 8.5528965 8.5528965 6.609056 6.609056 6.609056 6.609056 6.609056 6.609056 6.609056 2.91576 2.91576 2.91576 2.91576 2.91576 2.91576 2.91576 2.91576
1.94384 1.94384 1.94384 1.94384 1.94384 1.94384 1.94384 4.2764482 4.2764482 4.2764482 4.2764482 4.2764482 4.2764482 4.2764482 4.2764482 5.053984 5.053984 5.053984 5.053984 5.053984 5.053984 5.053984 7.386592 7.386592 7.386592 7.386592 7.386592 7.386592 7.386592 7.386592 6.997824 6.997824 6.997824 6.997824 6.997824 6.997824 6.997824 6.997824 7.386592 7.386592 7.386592 7.386592 7.386592 7.386592 7.386592 6.997824 6.997824 6.997824 6.997824 6.997824 6.997824 6.997824 6.997824 6.025904 6.025904 6.025904 6.025904 6.025904 6.025904 6.025904 4.082064 4.082064 4.082064 4.082064 4.082064 4.082064 4.082064 4.082064 3.304528 3.304528 3.304528 3.304528 3.304528 3.304528 3.304528 2.91576 2.91576 2.91576 2.91576 2.91576 2.91576 2.91576 2.91576 7.580976 7.580976 7.580976 7.580976 7.580976 7.580976 7.580976 7.77536 7.77536 7.77536 7.77536 7.77536 7.77536 7.77536 7.77536 7.77536 7.77536 7.77536 7.77536 7.77536 7.77536 7.77536 6.414672 6.414672 6.414672 6.414672 6.414672 6.414672 6.414672 6.414672 5.2483683 5.2483683 5.2483683 5.2483683 5.2483683 5.2483683 5.2483683 8.5528965 8.5528965 8.5528965 8.5528965 8.5528965 8.5528965 8.5528965 8.5528965 6.609056 6.609056 6.609056 6.609056 6.609056 6.609056 6.609056 2.91576 2.91576 2.91576 2.91576 2.91576 2.91576 2.91576 2.91576
1.94384 1.94384 1.94384 1.94384 1.94384 1.94384 1.94384 4.2764482 4.2764482 4.2764482 4.2764482 4.2764482 4.2764482 4.2764482 4.2764482 5.053984 5.053984 5.053984 5.053984 5.053984 5.053984 5.053984 7.386592 7.386592 7.386592 7.386592 7.386592 7.386592 7.386592 7.386592 6.997824 6.997824 6.997824 6.997824 6.997824 6.997824 6.997824 6.997824 7.386592 7.386592 7.386592 7.386592 7.386592 7.386592 7.386592 6.997824 6.997824 6.997824 6.997824 6.997824 6.997824 6.997824 6.997824 6.025904 6.025904 6.025904 6.025904 6.025904 6.025904 6.025904 4.082064 4.082064 4.082064 4.082064 4.082064 4.082064 4.082064 4.082064 3.304528 3.304528 3.304528 3.304528 3.304528 3.304528 3.304528 2.91576 2.91576 2.91576 2.91576 2.91576 2.91576 2.91576 2.91576 7.580976 7.580976 7.580976 7.580976 7.580976 7.580976 7.580976 7.77536 7.77536 7.77536 7.77536 7.77536 7.77536 7.77536 7.77536 7.77536 7.77536 7.77536 7.77536 7.77536 7.77536 7.77536 6.414672 6.414672 6.414672 6.414672 6.414672 6.414672 6.414672 6.414672 5.2483683 5.2483683 5.2483683 5.2483683 5.2483683 5.2483683 5.2483683 8.5528965 8.5528965 8.5528965 8.5528965 8.5528965 8.5528965 8.5528965 8.5528965 6.609056 6.609056 6.609056 6.609056 6.609056 6.609056 6.609056 2.91576 2.91576 2.91576 2.91576 2.91576 2.91576 2.91576 2.91576
1.94384 1.94384 1.94384 1.94384 1.94384 1.94384 1.94384 4.2764482 4.2764482 4.2764482 4.2764482 4.2764482 4.2764482 4.2764482 4.2764482 5.053984 5.053984 5.053984 5.053984 5.053984 5.053984 5.053984 7.386592 7.386592 7.386592 7.386592 7.386592 7.386592 7.386592 7.386592 6.997824 6.997824 6.997824 6.997824 6.997824 6.997824 6.997824 6.997824 7.386592 7.386592 7.386592 7.386592 7.386592 7.386592 7.386592 6.997824 6.997824 6.997824 6.997824 6.997824 6.997824 6.997824 6.997824 6.025904 6.025904 6.025904 6.025904 6.025904 6.025904 6.025904 4.082064 4.082064 4.082064 4.082064 4.082064 4.082064 4.082064 4.082064 3.304528 3.304528 3.304528 3.304528 3.304528 3.304528 3.304528 2.91576 2.91576 2.91576 2.91576 2.91576 2.91576 2.91576 2.91576 7.580976 7.580976 7.580976 7.580976 7.580976 7.580976 7.580976 7.77536 7.77536 7.77536 7.77536 7.77536 7.77536 7.77536 7.77536 7.77536 7.77536 7.77536 7.77536 7.77536 7.77536 7.77536 6.414672 6.414672 6.414672 6.414672 6.414672 6.414672 6.414672 6.414672 5.2483683 5.2483683 5.2483683 5.2483683 5.2483683 5.2483683 5.2483683 8.5528965 8.5528965 8.5528965 8.5528965 8.5528965 8.5528965 8.5528965 8.5528965 6.609056 6.609056 6.609056 6.609056 6.609056 6.609056 6.609056 2.91576 2.91576 2.91576 2.91576 2.91576 2.91576 2.91576 2.91576
1.94384 1.94384 1.94384 1.94384 1.94384 1.94384 1.94384 4.2764482 4.2764482 4.2764482 4.2764482 4.2764482 4.2764482 4.2764482 4.2764482 5.053984 5.053984 5.053984 5.053984 5.053984 5.053984 5.053984 7.386592 7.386592 7.386592 7.386592 7.386592 7.386592 7.386592 7.386592 6.997824 6.997824 6.997824 6.997824 6.997824 6.997824 6.997824 6.997824 7.386592 7.386592 7.386592 7.386592 7.386592 7.386592 7.386592 6.997824 6.997824 6.997824 6.997824 6.997824 6.997824 6.997824 6.997824 6.025904 6.025904 6.025904 6.025904 6.025904 6.025904 6.025904 4.082064 4.082064 4.082064 4.082064 4.082064 4.082064 4.082064 4.082064 3.304528 3.304528 3.304528 3.304528 3.304528 3.304528 3.304528 2.91576 2.91576 2.91576 2.91576 2.91576 2.91576 2.91576 2.91576 7.580976 7.580976 7.580976 7.580976 7.580976 7.580976 7.580976 7.77536 7.77536 7.77536 7.77536 7.77536 7.77536 7.77536 7.77536 7.77536 7.77536 7.77536 7.77536 7.77536 7.77536 7.77536 6.414672 6.414672 6.414672 6.414672 6.414672 6.414672 6.414672 6.414672 5.2483683 5.2483683 5.2483683 5.2483683 5.2483683 5.2483683 5.2483683 8.5528965 8.5528965 8.5528965 8.5528965 8.5528965 8.5528965 8.5528965 8.5528965 6.609056 6.609056 6.609056 6.609056 6.609056 6.609056 6.609056 2.91576 2.91576 2.91576 2.91576 2.91576 2.91576 2.91576 2.91576
1.94384 1.94384 1.94384 1.94384 1.94384 1.94384 1.94384 4.2764482 4.2764482 4.2764482 4.2764482 4.2764482 4.2764482 4.2764482 4.2764482 5.053984 5.053984 5.053984 5.053984 5.053984 5.053984 5.053984 7.386592 7.386592 7.386592 7.386592 7.386592 7.386592 7.386592 7.386592 6.997824 6.997824 6.997824 6.997824 6.997824 6.997824 6.997824 6.997824 7.386592 7.386592 7.386592 7.386592 7.386592 7.386592 7.386592 6.997824 6.997824 6.997824 6.997824 6.997824 6.997824 6.997824 6.997824 6.025904 6.025904 6.025904 6.025904 6.025904 6.025904 6.025904 4.082064 4.082064 4.082064 4.082064 4.082064 4.082064 4.082064 4.082064 3.304528 3.304528 3.304528 3.304528 3.304528 3.304528 3.304528 2.91576 2.91576 2.91576 2.91576 2.91576 2.91576 2.91576 2.91576 7.580976 7.580976 7.580976 7.580976 7.580976 7.580976 7.580976 7.77536 7.77536 7.77536 7.77536 7.77536 7.77536 7.77536 7.77536 7.77536 7.77536 7.77536 7.77536 7.77536 7.77536 7.77536 6.414672 6.414672 6.414672 6.414672 6.414672 6.414672 6.414672 6.414672 5.2483683 5.2483683 5.2483683 5.2483683 5.2483683 5.2483683 5.2483683 8.5528965 8.5528965 8.5528965 8.5528965 8.5528965 8.5528965 8.5528965 8.5528965 6.609056 6.609056 6.609056 6.609056 6.609056 6.609056 6.609056 2.91576 2.91576 2.91576 2.91576 2.91576 2.91576 2.91576 2.91576
1.94384 1.94384 1.94384 1.94384 1.94384 1.94384 1.94384 4.2764482 4.2764482 4.2764482 4.2764482 4.2764482 4.2764482 4.2764482 4.2764482 5.053984 5.053984 5.053984 5.053984 5.053984 5.053984 5.053984 7.386592 7.386592 7.386592 7.386592 7.386592 7.386592 7.386592 7.386592 6.997824 6.997824 6.997824 6.997824 6.997824 6.997824 6.997824 6.997824 7.386592 7.386592 7.386592 7.386592 7.386592 7.386592 7.386592 6.997824 6.997824 6.997824 6.997824 6.997824 6.997824 6.997824 6.997824 6.025904 6.025904 6.025904 6.025904 6.025904 6.025904 6.025904 4.082064 4.082064 4.082064 4.082064 4.082064 4.082064 4.082064 4.082064 3.304528 3.304528 3.304528 3.304528 3.304528 3.304528 3.304528 2.91576 2.91576 2.91576 2.91576 2.91576 2.91576 2.91576 2.91576 7.580976 7.580976 7.580976 7.580976 7.580976 7.580976 7.580976 7.77536 7.77536 7.77536 7.77536 7.77536 7.77536 7.77536 7.77536 7.77536 7.77536 7.77536 7.77536 7.77536 7.77536 7.77536 6.414672 6.414672 6.414672 6.414672 6.414672 6.414672 6.414672 6.414672 5.2483683 5.2483683 5.2483683 5.2483683 5.2483683 5.2483683 5.2483683 8.5528965 8.5528965 8.5528965 8.5528965 8.5528965 8.5528965 8.5528965 8.5528965 6.609056 6.609056 6.609056 6.609056 6.609056 6.609056 6.609056 2.91576 2.91576 2.91576 2.91576 2.91576 2.91576 2.91576 2.91576
3.1101441 3.1101441 3.1101441 3.1101441 3.1101441 3.1101441 3.1101441 5.053984 5.053984 5.053984 5.053984 5.053984 5.053984 5.053984 5.053984 4.8596 4.8596 4.8596 4.8596 4.8596 4.8596 4.8596 5.053984 5.053984 5.053984 5.053984 5.053984 5.053984 5.053984 5.053984 5.2483683 5.2483683 5.2483683 5.2483683 5.2483683 5.2483683 5.2483683 5.2483683 4.8596 4.8596 4.8596 4.8596 4.8596 4.8596 4.8596 5.053984 5.053984 5.053984 5.053984 5.053984 5.053984 5.053984 5.053984 4.470832 4.470832 4.470832 4.470832 4.470832 4.470832 4.470832 5.053984 5.053984 5.053984 5.053984 5.053984 5.053984 5.053984 5.053984 5.2483683 5.2483683 5.2483683 5.2483683 5.2483683 5.2483683 5.2483683 9.330432 9.330432 9.330432 9.330432 9.330432 9.330432 9.330432 9.330432 5.83152 5.83152 5.83152 5.83152 5.83152 5.83152 5.83152 8.941664 8.941664 8.941664 8.941664 8.941664 8.941664 8.941664 8.941664 8.941664 8.941664 8.941664 8.941664 8.941664 8.941664 8.941664 7.9697437 7.9697437 7.9697437 7.9697437 7.9697437 7.9697437 7.9697437 7.9697437 8.358512 8.358512 8.358512 8.358512 8.358512 8.358512 8.358512 9.5248165 9.5248165 9.5248165 9.5248165 9.5248165 9.5248165 9.5248165 9.5248165 12.440577 12.440577 12.440577 12.440577 12.440577 12.440577 12.440577 9.5248165 9.5248165 9.5248165 9.5248165 9.5248165 9.5248165 9.5248165 9.5248165
3.1101441 3.1101441 3.1101441 3.1101441 3.1101441 3.1101441 3.1101441 5.053984 5.053984 5.053984 5.053984 5.053984 5.053984 5.053984 5.053984 4.8596 4.8596 4.8596 4.8596 4.8596 4.8596 4.8596 5.053984 5.053984 5.053984 5.053984 5.053984 5.053984 5.053984 5.053984 5.2483683 5.2483683 5.2483683 5.2483683 5.2483683 5.2483683 5.2483683 5.2483683 4.8596 4.8596 4.8596 4.8596 4.8596 4.8596 4.8596 5.053984 5.053984 5.053984 5.053984 5.053984 5.053984 5.053984 5.053984 4.470832 4.470832 4.470832 4.470832 4.470832 4.470832 4.470832 5.053984 5.053984 5.053984 5.053984 5.053984 5.053984 5.053984 5.053984 5.2483683 5.2483683 5.2483683 5.2483683 5.2483683 5.2483683 5.2483683 9.330432 9.330432 9.330432 9.330432 9.330432 9.330432 9.330432 9.330432 5.83152 5.83152 5.83152 5.83152 5.83152 5.83152 5.83152 8.941664 8.941664 8.941664 8.941664 8.941664 8.941664 8.941664 8.941664 8.941664 8.941664 8.941664 8.941664 8.941664 8.941664 8.941664 7.9697437 7.9697437 7.9697437 7.9697437 7.9697437 7.9697437 7.9697437 7.9697437 8.358512 8.358512 8.358512 8.358512 8.358512 8.358512 8.358512 9.5248165 9.5248165 9.5248165 9.5248165 9.5248165 9.5248165 9.5248165 9.5248165 12.440577 12.440577 12.440577 12.440577 12.440577 12.440577 12.440577 9.5248165 9.5248165 9.5248165 9.5248165 9.5248165 9.5248165 9.5248165 9.5248165
3.1101441 3.1101441 3.1101441 3.1101441 3.1101441 3.1101441 3.1101441 5.053984 5.053984 5.053984 5.053984 5.053984 5.053984 5.053984 5.053984 4.8596 4.8596 4.8596 4.8596 4.8596 4.8596 4.8596 5.053984 5.053984 5.053984 5.053984 5.053984 5.053984 5.053984 5.053984 5.2483683 5.2483683 5.2483683 5.2483683 5.2483683 5.2483683 5.2483683 5.2483683 4.8596 4.8596 4.8596 4.8596 4.8596 4.8596 4.8596 5.053984 5.053984 5.053984 5.053984 5.053984 5.053984 5.053984 5.053984 4.470832 4.470832 4.470832 4.470832 4.470832 4.470832 4.470832 5.053984 5.053984 5.053984 5.053984 5.053984 5.053984 5.053984 5.053984 5.2483683 5.2483683 5.2483683 5.2483683 5.2483683 5.2483683 5.2483683 9.330432 9.330432 9.330432 9.330432 9.330432 9.330432 9.330432 9.330432 5.83152 5.83152 5.83152 5.83152 5.83152 5.83152 5.83152 8.941664 8.941664 8.941664 8.941664 8.941664 8.941664 8.941664 8.941664 8.941664 8.941664 8.941664 8.941664 8.941664 8.941664 8.941664 7.9697437 7.9697437 7.9697437 7.9697437 7.9697437 7.9697437 7.9697437 7.9697437 8.358512 8.358512 8.358512 8.358512 8.358512 8.358512 8.358512 9.5248165 9.5248165 9.5248165 9.5248165 9.5248165 9.5248165 9.5248165 9.5248165 12.440577 12.440577 12.440577 12.440577 12.440577 12.440577 12.440577 9.5248165 9.5248165 9.5248165 9.5248165 9.5248165 9.5248165 9.5248165 9.5248165
3.1101441 3.1101441 3.1101441 3.1101441 3.1101441 3.1101441 3.1101441 5.053984 5.053984 5.053984 5.053984 5.053984 5.053984 5.053984 5.053984 4.8596 4.8596 4.8596 4.8596 4.8596 4.8596 4.8596 5.053984 5.053984 5.053984 5.053984 5.053984 5.053984 5.053984 5.053984 5.2483683 5.2483683 5.2483683 5.2483683 5.2483683 5.2483683 5.2483683 5.2483683 4.8596 4.8596 4.8596 4.8596 4.8596 4.8596 4.8596 5.053984 5.053984 5.053984 5.053984 5.053984 5.053984 5.053984 5.053984 4.470832 4.470832 4.470832 4.470832 4.470832 4.470832 4.470832 5.053984 5.053984 5.053984 5.053984 5.053984 5.053984 5.053984 5.053984 5.2483683 5.2483683 5.2483683 5.2483683 5.2483683 5.2483683 5.2483683 9.330432 9.330432 9.330432 9.330432 9.330432 9.330432 9.330432 9.330432 5.83152 5.83152 5.83152 5.83152 5.83152 5.83152 5.83152 8.941664 8.941664 8.941664 8.941664 8.941664 8.941664 8.941664 8.941664 8.941664 8.941664 8.941664 8.941664 8.941664 8.941664 8.941664 7.9697437 7.9697437 7.9697437 7.9697437 7.9697437 7.9697437 7.9697437 7.9697437 8.358512 8.358512 8.358512 8.358512 8.358512 8.358512 8.358512 9.5248165 9.5248165 9.5248165 9.5248165 9.5248165 9.5248165 9.5248165 9.5248165 12.440577 12.440577 12.440577 12.440577 12.440577 12.440577 12.440577 9.5248165 9.5248165 9.5248165 9.5248165 9.5248165 9.5248165 9.5248165 9.5248165
3.1101441 3.1101441 3.1101441 3.1101441 3.1101441 3.1101441 3.1101441 5.053984 5.053984 5.053984 5.053984 5.053984 5.053984 5.053984 5.053984 4.8596 4.8596 4.8596 4.8596 4.8596 4.8596 4.8596 5.053984 5.053984 5.053984 5.053984 5.053984 5.053984 5.053984 5.053984 5.2483683 5.2483683 5.2483683 5.2483683 5.2483683 5.2483683 5.2483683 5.2483683 4.8596 4.8596 4.8596 4.8596 4.8596 4.8596 4.8596 5.053984 5.053984 5.053984 5.053984 5.053984 5.053984 5.053984 5.053984 4.470832 4.470832 4.470832 4.470832 4.470832 4.470832 4.470832 5.053984 5.053984 5.053984 5.053984 5.053984 5.053984 5.053984 5.053984 5.2483683 5.2483683 5.2483683 5.2483683 5.2483683 5.2483683 5.2483683 9.330432 9.330432 9.330432 9.330432 9.330432 9.330432 9.330432 9.330432 5.83152 5.83152 5.83152 5.83152 5.83152 5.83152 5.83152 8.941664 8.941664 8.941664 8.941664 8.941664 8.941664 8.941664 8.941664 8.941664 8.941664 8.941664 8.941664 8.941664 8.941664 8.941664 7.9697437 7.9697437 7.9697437 7.9697437 7.9697437 7.9697437 7.9697437 7.9697437 8.358512 8.358512 8.358512 8.358512 8.358512 8.358512 8.358512 9.5248165 9.5248165 9.5248165 9.5248165 9.5248165 9.5248165 9.5248165 9.5248165 12.440577 12.440577 12.440577 12.440577 12.440577 12.440577 12.440577 9.5248165 9.5248165 9.5248165 9.5248165 9.5248165 9.5248165 9.5248165 9.5248165
3.1101441 3.1101441 3.1101441 3.1101441 3.1101441 3.1101441 3.1101441 5.053984 5.053984 5.053984 5.053984 5.053984 5.053984 5.053984 5.053984 4.8596 4.8596 4.8596 4.8596 4.8596 4.8596 4.8596 5.053984 5.053984 5.053984 5.053984 5.053984 5.053984 5.053984 5.053984 5.2483683 5.2483683 5.2483683 5.2483683 5.2483683 5.2483683 5.2483683 5.2483683 4.8596 4.8596 4.8596 4.8596 4.8596 4.8596 4.8596 5.053984 5.053984 5.053984 5.053984 5.053984 5.053984 5.053984 5.053984 4.470832 4.470832 4.470832 4.470832 4.470832 4.470832 4.470832 5.053984 5.053984 5.053984 5.053984 5.053984 5.053984 5.053984 5.053984 5.2483683 5.2483683 5.2483683 5.2483683 5.2483683 5.2483683 5.2483683 9.330432 9.330432 9.330432 9.330432 9.330432 9.330432 9.330432 9.330432 5.83152 5.83152 5.83152 5.83152 5.83152 5.83152 5.83152 8.941664 8.941664 8.941664 8.941664 8.941664 8.941664 8.941664 8.941664 8.941664 8.941664 8.941664 8.941664 8.941664 8.941664 8.941664 7.9697437 7.9697437 7.9697437 7.9697437 7.9697437 7.9697437 7.9697437 7.9697437 8.358512 8.358512 8.358512 8.358512 8.358512 8.358512 8.358512 9.5248165 9.5248165 9.5248165 9.5248165 9.5248165 9.5248165 9.5248165 9.5248165 12.440577 12.440577 12.440577 12.440577 12.440577 12.440577 12.440577 9.5248165 9.5248165 9.5248165 9.5248165 9.5248165 9.5248165 9.5248165 9.5248165
3.1101441 3.1101441 3.1101441 3.1101441 3.1101441 3.1101441 3.1101441 5.053984 5.053984 5.053984 5.053984 5.053984 5.053984 5.053984 5.053984 4.8596 4.8596 4.8596 4.8596 4.8596 4.8596 4.8596 5.053984 5.053984 5.053984 5.053984 5.053984 5.053984 5.053984 5.053984 5.2483683 5.2483683 5.2483683 5.2483683 5.2483683 5.2483683 5.2483683 5.2483683 4.8596 4.8596 4.8596 4.8596 4.8596 4.8596 4.8596 5.053984 5.053984 5.053984 5.053984 5.053984 5.053984 5.053984 5.053984 4.470832 4.470832 4.470832 4.470832 4.470832 4.470832 4.470832 5.053984 5.053984 5.053984 5.053984 5.053984 5.053984 5.053984 5.053984 5.2483683 5.2483683 5.2483683 5.2483683 5.2483683 5.2483683 5.2483683 9.330432 9.330432 9.330432 9.330432 9.330432 9.330432 9.330432 9.330432 5.83152 5.83152 5.83152 5.83152 5.83152 5.83152 5.83152 8.941664 8.941664 8.941664 8.941664 8.941664 8.941664 8.941664 8.941664 8.941664 8.941664 8.941664 8.941664 8.941664 8.941664 8.941664 7.9697437 7.9697437 7.9697437 7.9697437 7.9697437 7.9697437 7.9697437 7.9697437 8.358512 8.358512 8.358512 8.358512 8.358512 8.358512 8.358512 9.5248165 9.5248165 9.5248165 9.5248165 9.5248165 9.5248165 9.5248165 9.5248165 12.440577 12.440577 12.440577 12.440577 12.440577 12.440577 12.440577 9.5248165 9.5248165 9.5248165 9.5248165 9.5248165 9.5248165 9.5248165 9.5248165
2.332608 2.332608 2.332608 2.332608 2.332608 2.332608 2.332608 2.332608 2.332608 2.332608 2.332608 2.332608 2.332608 2.332608 2.332608 2.91576 2.91576 2.91576 2.91576 2.91576 2.91576 2.91576 2.526992 2.526992 2.526992 2.526992 2.526992 2.526992 2.526992 2.526992 3.88768 3.88768 3.88768 3.88768 3.88768 3.88768 3.88768 3.88768 1.94384 1.94384 1.94384 1.94384 1.94384 1.94384 1.94384 2.332608 2.332608 2.332608 2.332608 2.332608 2.332608 2.332608 2.332608 1.360688 1.360688 1.360688 1.360688 1.360688 1.360688 1.360688 3.1101441 3.1101441 3.1101441 3.1101441 3.1101441 3.1101441 3.1101441 3.1101441 4.082064 4.082064 4.082064 4.082064 4.082064 4.082064 4.082064 8.164128 8.164128 8.164128 8.164128 8.164128 8.164128 8.164128 8.164128 5.053984 5.053984 5.053984 5.053984 5.053984 5.053984 5.053984 7.1922083 7.1922083 7.1922083 7.1922083 7.1922083 7.1922083 7.1922083 7.1922083 7.1922083 7.1922083 7.1922083 7.1922083 7.1922083 7.1922083 7.1922083 8.358512 8.358512 8.358512 8.358512 8.358512 8.358512 8.358512 8.358512 8.164128 8.164128 8.164128 8.164128 8.164128 8.164128 8.164128 8.5528965 8.5528965 8.5528965 8.5528965 8.5528965 8.5528965 8.5528965 8.5528965 8.941664 8.941664 8.941664 8.941664 8.941664 8.941664 8.941664 10.496737 10.496737 10.496737 10.496737 10.496737 10.496737 10.496737 10.496737
2.332608 2.332608 2.332608 2.332608 2.332608 2.332608 2.332608 2.332608 2.332608 2.332608 2.332608 2.332608 2.332608 2.332608 2.332608 2.91576 2.91576 2.91576 2.91576 2.91576 2.91576 2.91576 2.526992 2.526992 2.526992 2.526992 2.526992 2.526992 2.526992 2.526992 3.88768 3.88768 3.88768 3.88768 3.88768 3.88768 3.88768 3.88768 1.94384 1.94384 1.94384 1.94384 1.94384 1.94384 1.94384 2.332608 2.332608 2.332608 2.332608 2.332608 2.332608 2.332608 2.332608 1.360688 1.360688 1.360688 1.360688 1.360688 1.360688 1.360688 3.1101441 3.1101441 3.1101441 3.1101441 3.1101441 3.1101441 3.1101441 3.1101441 4.082064 4.082064 4.082064 4.082064 4.082064 4.082064 4.082064 8.164128 8.164128 8.164128 8.164128 8.164128 8.164128 8.164128 8.164128 5.053984 5.053984 5.053984 5.053984 5.053984 5.053984 5.053984 7.1922083 7.1922083 7.1922083 7.1922083 7.1922083 7.1922083 7.1922083 7.1922083 7.1922083 7.1922083 7.1922083 7.1922083 7.1922083 7.1922083 7.1922083 8.358512 8.358512 8.358512 8.358512 8.358512 8.358512 8.358512 8.358512 8.164128 8.164128 8.164128 8.164128 8.164128 8.164128 8.164128 8.5528965 8.5528965 8.5528965 8.5528965 8.5528965 8.5528965 8.5528965 8.5528965 8.941664 8.941664 8.941664 8.941664 8.941664 8.941664 8.941664 10.496737 10.496737 10.496737 10.496737 10.496737 10.496737 10.496737 10.496737
2.332608 2.332608 2.332608 2.332608 2.332608 2.332608 2.332608 2.332608 2.332608 2.332608 2.332608 2.332608 2.332608 2.332608 2.332608 2.91576 2.91576 2.91576 2.91576 2.91576 2.91576 2.91576 2.526992 2.526992 2.526992 2.526992 2.526992 2.526992 2.526992 2.526992 3.88768 3.88768 3.88768 3.88768 3.88768 3.88768 3.88768 3.88768 1.94384 1.94384 1.94384 1.94384 1.94384 1.94384 1.94384 2.332608 2.332608 2.332608 2.332608 2.332608 2.332608 2.332608 2.332608 1.360688 1.360688 1.360688 1.360688 1.360688 1.360688 1.360688 3.1101441 3.1101441 3.1101441 3.1101441 3.1101441 3.1101441 3.1101441 3.1101441 4.082064 4.082064 4.082064 4.082064 4.082064 4.082064 4.082064 8.164128 8.164128 8.164128 8.164128 8.164128 8.164128 8.164128 8.164128 5.053984 5.053984 5.053984 5.053984 5.053984 5.053984 5.053984 7.1922083 7.1922083 7.1922083 7.1922083 7.1922083 7.1922083 7.1922083 7.1922083 7.1922083 7.1922083 7.1922083 7.1922083 7.1922083 7.1922083 7.1922083 8.358512 8.358512 8.358512 8.358512 8.358512 8.358512 8.358512 8.358512 8.164128 8.164128 8.164128 8.164128 8.164128 8.164128 8.164128 8.5528965 8.5528965 8.5528965 8.5528965 8.5528965 8.5528965 8.5528965 8.5528965 8.941664 8.941664 8.941664 8.941664 8.941664 8.941664 8.941664 10.496737 10.496737 10.496737 10.496737 10.496737 10.496737 10.496737 10.496737
2.332608 2.332608 2.332608 2.332608 2.332608 2.332608 2.332608 2.332608 2.332608 2.332608 2.332608 2.332608 2.332608 2.332608 2.332608 2.91576 2.91576 2.91576 2.91576 2.91576 2.91576 2.91576 2.526992 2.526992 2.526992 2.526992 2.526992 2.526992 2.526992 2.526992 3.88768 3.88768 3.88768 3.88768 3.88768 3.88768 3.88768 3.88768 1.94384 1.94384 1.94384 1.94384 1.94384 1.94384 1.94384 2.332608 2.332608 2.332608 2.332608 2.332608 2.332608 2.332608 2.332608 1.360688 1.360688 1.360688 1.360688 1.360688 1.360688 1.360688 3.1101441 3.1101441 3.1101441 3.1101441 3.1101441 3.1101441 3.1101441 3.1101441 4.082064 4.082064 4.082064 4.082064 4.082064 4.082064 4.082064 8.164128 8.164128 8.164128 8.164128 8.164128 8.164128 8.164128 8.164128 5.053984 5.053984 5.053984 5.053984 5.053984 5.053984 5.053984 7.1922083 7.1922083 7.1922083 7.1922083 7.1922083 7.1922083 7.1922083 7.1922083 7.1922083 7.1922083 7.1922083 7.1922083 7.1922083 7.1922083 7.1922083 8.358512 8.358512 8.358512 8.358512 8.358512 8.358512 8.358512 8.358512 8.164128 8.164128 8.164128 8.164128 8.164128 8.164128 8.164128 8.5528965 8.5528965 8.5528965 8.5528965 8.5528965 8.5528965 8.5528965 8.5528965 8.941664 8.941664 8.941664 8.941664 8.941664 8.941664 8.941664 10.496737 10.496737 10.496737 10.496737 10.496737 10.496737 10.496737 10.496737
2.332608 2.332608 2.332608 2.332608 2.332608 2.332608 2.332608 2.332608 2.332608 2.332608 2.332608 2.332608 2.332608 2.332608 2.332608 2.91576 2.91576 2.91576 2.91576 2.91576 2.91576 2.91576 2.526992 2.526992 2.526992 2.526992 2.526992 2.526992 2.526992 2.526992 3.88768 3.88768 3.88768 3.88768 3.88768 3.88768 3.88768 3.88768 1.94384 1.94384 1.94384 1.94384 1.94384 1.94384 1.94384 2.332608 2.332608 2.332608 2.332608 2.332608 2.332608 2.332608 2.332608 1.360688 1.360688 1.360688 1.360688 1.360688 1.360688 1.360688 3.1101441 3.1101441 3.1101441 3.1101441 3.1101441 3.1101441 3.1101441 3.1101441 4.082064 4.082064 4.082064 4.082064 4.082064 4.082064 4.082064 8.164128 8.164128 8.164128 8.164128 8.164128 8.164128 8.164128 8.164128 5.053984 5.053984 5.053984 5.053984 5.053984 5.053984 5.053984 7.1922083 7.1922083 7.1922083 7.1922083 7.1922083 7.1922083 7.1922083 7.1922083 7.1922083 7.1922083 7.1922083 7.1922083 7.1922083 7.1922083 7.1922083 8.358512 8.358512 8.358512 8.358512 8.358512 8.358512 8.358512 8.358512 8.164128 8.164128 8.164128 8.164128 8.164128 8.164128 8.164128 8.5528965 8.5528965 8.5528965 8.5528965 8.5528965 8.5528965 8.5528965 8.5528965 8.941664 8.941664 8.941664 8.941664 8.941664 8.941664 8.941664 10.496737 10.496737 10.496737 10.496737 10.496737 10.496737 10.496737 10.496737
2.332608 2.332608 2.332608 2.332608 2.332608 2.332608 2.332608 2.332608 2.332608 2.332608 2.332608 2.332608 2.332608 2.332608 2.332608 2.91576 2.91576 2.91576 2.91576 2.91576 2.91576 2.91576 2.526992 2.526992 2.526992 2.526992 2.526992 2.526992 2.526992 2.526992 3.88768 3.88768 3.88768 3.88768 3.88768 3.88768 3.88768 3.88768 1.94384 1.94384 1.94384 1.94384 1.94384 1.94384 1.94384 2.332608 2.332608 2.332608 2.332608 2.332608 2.332608 2.332608 2.332608 1.360688 1.360688 1.360688 1.360688 1.360688 1.360688 1.360688 3.1101441 3.1101441 3.1101441 3.1101441 3.1101441 3.1101441 3.1101441 3.1101441 4.082064 4.082064 4.082064 4.082064 4.082064 4.082064 4.082064 8.164128 8.164128 8.164128 8.164128 8.164128 8.164128 8.164128 8.164128 5.053984 5.053984 5.053984 5.053984 5.053984 5.053984 5.053984 7.1922083 7.1922083 7.1922083 7.1922083 7.1922083 7.1922083 7.1922083 7.1922083 7.1922083 7.1922083 7.1922083 7.1922083 7.1922083 7.1922083 7.1922083 8.358512 8.358512 8.358512 8.358512 8.358512 8.358512 8.358512 8.358512 8.164128 8.164128 8.164128 8.164128 8.164128 8.164128 8.164128 8.5528965 8.5528965 8.5528965 8.5528965 8.5528965 8.5528965 8.5528965 8.5528965 8.941664 8.941664 8.941664 8.941664 8.941664 8.941664 8.941664 10.496737 10.496737 10.496737 10.496737 10.496737 10.496737 10.496737 10.496737
2.332608 2.332608 2.332608 2.332608 2.332608 2.332608 2.332608 2.332608 2.332608 2.332608 2.332608 2.332608 2.332608 2.332608 2.332608 2.91576 2.91576 2.91576 2.91576 2.91576 2.91576 2.91576 2.526992 2.526992 2.526992 2.526992 2.526992 2.526992 2.526992 2.526992 3.88768 3.88768 3.88768 3.88768 3.88768 3.88768 3.88768 3.88768 1.94384 1.94384 1.94384 1.94384 1.94384 1.94384 1.94384 2.332608 2.332608 2.332608 2.332608 2.332608 2.332608 2.332608 2.332608 1.360688 1.360688 1.360688 1.360688 1.360688 1.360688 1.360688 3.1101441 3.1101441 3.1101441 3.1101441 3.1101441 3.1101441 3.1101441 3.1101441 4.082064 4.082064 4.082064 4.082064 4.082064 4.082064 4.082064 8.164128 8.164128 8.164128 8.164128 8.164128 8.164128 8.164128 8.164128 5.053984 5.053984 5.053984 5.053984 5.053984 5.053984 5.053984 7.1922083 7.1922083 7.1922083 7.1922083 7.1922083 7.1922083 7.1922083 7.1922083 7.1922083 7.1922083 7.1922083 7.1922083 7.1922083 7.1922083 7.1922083 8.358512 8.358512 8.358512 8.358512 8.358512 8.358512 8.358512 8.358512 8.164128 8.164128 8.164128 8.164128 8.164128 8.164128 8.164128 8.5528965 8.5528965 8.5528965 8.5528965 8.5528965 8.5528965 8.5528965 8.5528965 8.941664 8.941664 8.941664 8.941664 8.941664 8.941664 8.941664 10.496737 10.496737 10.496737 10.496737 10.496737 10.496737 10.496737 10.496737
2.332608 2.332608 2.332608 2.332608 2.332608 2.332608 2.332608 2.332608 2.332608 2.332608 2.332608 2.332608 2.332608 2.332608 2.332608 2.91576 2.91576 2.91576 2.91576 2.91576 2.91576 2.91576 2.526992 2.526992 2.526992 2.526992 2.526992 2.526992 2.526992 2.526992 3.88768 3.88768 3.88768 3.88768 3.88768 3.88768 3.88768 3.88768 1.94384 1.94384 1.94384 1.94384 1.94384 1.94384 1.94384 2.332608 2.332608 2.332608 2.332608 2.332608 2.332608 2.332608 2.332608 1.360688 1.360688 1.360688 1.360688 1.360688 1.360688 1.360688 3.1101441 3.1101441 3.1101441 3.1101441 3.1101441 3.1101441 3.1101441 3.1101441 4.082064 4.082064 4.082064 4.082064 4.082064 4.082064 4.082064 8.164128 8.164128 8.164128 8.164128 8.164128 8.164128 8.164128 8.164128 5.053984 5.053984 5.053984 5.053984 5.053984 5.053984 5.053984 7.1922083 7.1922083 7.1922083 7.1922083 7.1922083 7.1922083 7.1922083 7.1922083 7.1922083 7.1922083 7.1922083 7.1922083 7.1922083 7.1922083 7.1922083 8.358512 8.358512 8.358512 8.358512 8.358512 8.358512 8.358512 8.358512 8.164128 8.164128 8.164128 8.164128 8.164128 8.164128 8.164128 8.5528965 8.5528965 8.5528965 8.5528965 8.5528965 8.5528965 8.5528965 8.5528965 8.941664 8.941664 8.941664 8.941664 8.941664 8.941664 8.941664 10.496737 10.496737 10.496737 10.496737 10.496737 10.496737 10.496737 10.496737
1.5550721 1.5550721 1.5550721 1.5550721 1.5550721 1.5550721 1.5550721 0.97192 0.97192 0.97192 0.97192 0.97192 0.97192 0.97192 0.97192 1.94384 1.94384 1.94384 1.94384 1.94384 1.94384 1.94384 2.1382241 2.1382241 2.1382241 2.1382241 2.1382241 2.1382241 2.1382241 2.1382241 1.749456 1.749456 1.749456 1.749456 1.749456 1.749456 1.749456 1.749456 0.97192 0.97192 0.97192 0.97192 0.97192 0.97192 0.97192 1.5550721 1.5550721 1.5550721 1.5550721 1.5550721 1.5550721 1.5550721 1.5550721 2.721376 2.721376 2.721376 2.721376 2.721376 2.721376 2.721376 3.1101441 3.1101441 3.1101441 3.1101441 3.1101441 3.1101441 3.1101441 3.1101441 4.082064 4.082064 4.082064 4.082064 4.082064 4.082064 4.082064 2.1382241 2.1382241 2.1382241 2.1382241 2.1382241 2.1382241 2.1382241 2.1382241 3.1101441 3.1101441 3.1101441 3.1101441 3.1101441 3.1101441 3.1101441 1.94384 1.94384 1.94384 1.94384 1.94384 1.94384 1.94384 1.94384 1.94384 1.94384 1.94384 1.94384 1.94384 1.94384 1.94384 1.94384 1.94384 1.94384 1.94384 1.94384 1.94384 1.94384 1.94384 1.94384 1.94384 1.94384 1.94384 1.94384 1.94384 1.94384 2.1382241 2.1382241 2.1382241 2.1382241 2.1382241 2.1382241 2.1382241 2.1382241 3.304528 3.304528 3.304528 3.304528 3.304528 3.304528 3.304528 5.637136 5.637136 5.637136 5.637136 5.637136 5.637136 5.637136 5.637136
1.5550721 1.5550721 1.5550721 1.5550721 1.5550721 1.5550721 1.5550721 0.97192 0.97192 0.97192 0.97192 0.97192 0.97192 0.97192 0.97192 1.94384 1.94384 1.94384 1.94384 1.94384 1.94384 1.94384 2.1382241 2.1382241 2.1382241 2.1382241 2.1382241 2.1382241 2.1382241 2.1382241 1.749456 1.749456 1.749456 1.749456 1.749456 1.749456 1.749456 1.749456 0.97192 0.97192 0.97192 0.97192 0.97192 0.97192 0.97192 1.5550721 1.5550721 1.5550721 1.5550721 1.5550721 1.5550721 1.5550721 1.5550721 2.721376 2.721376 2.721376 2.721376 2.721376 2.721376 2.721376 3.1101441 3.1101441 3.1101441 3.1101441 3.1101441 3.1101441 3.1101441 3.1101441 4.082064 4.082064 4.082064 4.082064 4.082064 4.082064 4.082064 2.1382241 2.1382241 2.1382241 2.1382241 2.1382241 2.1382241 2.1382241 2.1382241 3.1101441 3.1101441 3.1101441 3.1101441 3.1101441 3.1101441 3.1101441 1.94384 1.94384 1.94384 1.94384 1.94384 1.94384 1.94384 1.94384 1.94384 1.94384 1.94384 1.94384 1.94384 1.94384 1.94384 1.94384 1.94384 1.94384 1.94384 1.94384 1.94384 1.94384 1.94384 1.94384 1.94384 1.94384 1.94384 1.94384 1.94384 1.94384 2.1382241 2.1382241 2.1382241 2.1382241 2.1382241 2.1382241 2.1382241 2.1382241 3.304528 3.304528 3.304528 3.304528 3.304528 3.304528 3.304528 5.637136 5.637136 5.637136 5.637136 5.637136 5.637136 5.637136 5.637136
1.5550721 1.5550721 1.5550721 1.5550721 1.5550721 1.5550721 1.5550721 0.97192 0.97192 0.97192 0.97192 0.97192 0.97192 0.97192 0.97192 1.94384 1.94384 1.94384 1.94384 1.94384 1.94384 1.94384 2.1382241 2.1382241 2.1382241 2.1382241 2.1382241 2.1382241 2.1382241 2.1382241 1.749456 1.749456 1.749456 1.749456 1.749456 1.749456 1.749456 1.749456 0.97192 0.97192 0.97192 0.97192 0.97192 0.97192 0.97192 1.5550721 1.5550721 1.5550721 1.5550721 1.5550721 1.5550721 1.5550721 1.5550721 2.721376 2.721376 2.721376 2.721376 2.721376 2.721376 2.721376 3.1101441 3.1101441 3.1101441 3.1101441 3.1101441 3.1101441 3.1101441 3.1101441 4.082064 4.082064 4.082064 4.082064 4.082064 4.082064 4.082064 2.1382241 2.1382241 2.1382241 2.1382241 2.1382241 2.1382241 2.1382241 2.1382241 3.1101441 3.1101441 3.1101441 3.1101441 3.1101441 3.1101441 3.1101441 1.94384 1.94384 1.94384 1.94384 1.94384 1.94384 1.94384 1.94384 1.94384 1.94384 1.94384 1.94384 1.94384 1.94384 1.94384 1.94384 1.94384 1.94384 1.94384 1.94384 1.94384 1.94384 1.94384 1.94384 1.94384 1.94384 1.94384 1.94384 1.94384 1.94384 2.1382241 2.1382241 2.1382241 2.1382241 2.1382241 2.1382241 2.1382241 2.1382241 3.304528 3.304528 3.304528 3.304528 3.304528 3.304528 3.304528 5.637136 5.637136 5.637136 5.637136 5.637136 5.637136 5.637136 5.637136
1.5550721 1.5550721 1.5550721 1.5550721 1.5550721 1.5550721 1.5550721 0.97192 0.97192 0.97192 0.97192 0.97192 0.97192 0.97192 0.97192 1.94384 1.94384 1.94384 1.94384 1.94384 1.94384 1.94384 2.1382241 2.1382241 2.1382241 2.1382241 2.1382241 2.1382241 2.1382241 2.1382241 1.749456 1.749456 1.749456 1.749456 1.749456 1.749456 1.749456 1.749456 0.97192 0.97192 0.97192 0.97192 0.97192 0.97192 0.97192 1.5550721 1.5550721 1.5550721 1.5550721 1.5550721 1.5550721 1.5550721 1.5550721 2.721376 2.721376 2.721376 2.721376 2.721376 2.721376 2.721376 3.1101441 3.1101441 3.1101441 3.1101441 3.1101441 3.1101441 3.1101441 3.1101441 4.082064 4.082064 4.082064 4.082064 4.082064 4.082064 4.082064 2.1382241 2.1382241 2.1382241 2.1382241 2.1382241 2.1382241 2.1382241 2.1382241 3.1101441 3.1101441 3.1101441 3.1101441 3.1101441 3.1101441 3.1101441 1.94384 1.94384 1.94384 1.94384 1.94384 1.94384 1.94384 1.94384 1.94384 1.94384 1.94384 1.94384 1.94384 1.94384 1.94384 1.94384 1.94384 1.94384 1.94384 1.94384 1.94384 1.94384 1.94384 1.94384 1.94384 1.94384 1.94384 1.94384 1.94384 1.94384 2.1382241 2.1382241 2.1382241 2.1382241 2.1382241 2.1382241 2.1382241 2.1382241 3.304528 3.304528 3.304528 3.304528 3.304528 3.304528 3.304528 5.637136 5.637136 5.637136 5.637136 5.637136 5.637136 5.637136 5.637136
1.5550721 1.5550721 1.5550721 1.5550721 1.5550721 1.5550721 1.5550721 0.97192 0.97192 0.97192 0.97192 0.97192 0.97192 0.97192 0.97192 1.94384 1.94384 1.94384 1.94384 1.94384 1.94384 1.94384 2.1382241 2.1382241 2.1382241 2.1382241 2.1382241 2.1382241 2.1382241 2.1382241 1.749456 1.749456 1.749456 1.749456 1.749456 1.749456 1.749456 1.749456 0.97192 0.97192 0.97192 0.97192 0.97192 0.97192 0.97192 1.5550721 1.5550721 1.5550721 1.5550721 1.5550721 1.5550721 1.5550721 1.5550721 2.721376 2.721376 2.721376 2.721376 2.721376 2.721376 2.721376 3.1101441 3.1101441 3.1101441 3.1101441 3.1101441 3.1101441 3.1101441 3.1101441 4.082064 4.082064 4.082064 4.082064 4.082064 4.082064 4.082064 2.1382241 2.1382241 2.1382241 2.1382241 2.1382241 2.1382241 2.1382241 2.1382241 3.1101441 3.1101441 3.1101441 3.1101441 3.1101441 3.1101441 3.1101441 1.94384 1.94384 1.94384 1.94384 1.94384 1.94384 1.94384 1.94384 1.94384 1.94384 1.94384 1.94384 1.94384 1.94384 1.94384 1.94384 1.94384 1.94384 1.94384 1.94384 1.94384 1.94384 1.94384 1.94384 1.94384 1.94384 1.94384 1.94384 1.94384 1.94384 2.1382241 2.1382241 2.1382241 2.1382241 2.1382241 2.1382241 2.1382241 2.1382241 3.304528 3.304528 3.304528 3.304528 3.304528 3.304528 3.304528 5.637136 5.637136 5.637136 5.637136 5.637136 5.637136 5.637136 5.637136
1.5550721 1.5550721 1.5550721 1.5550721 1.5550721 1.5550721 1.5550721 0.97192 0.97192 0.97192 0.97192 0.97192 0.97192 0.97192 0.97192 1.94384 1.94384 1.94384 1.94384 1.94384 1.94384 1.94384 2.1382241 2.1382241 2.1382241 2.1382241 2.1382241 2.1382241 2.1382241 2.1382241 1.749456 1.749456 1.749456 1.749456 1.749456 1.749456 1.749456 1.749456 0.97192 0.97192 0.97192 0.97192 0.97192 0.97192 0.97192 1.5550721 1.5550721 1.5550721 1.5550721 1.5550721 1.5550721 1.5550721 1.5550721 2.721376 2.721376 2.721376 2.721376 2.721376 2.721376 2.721376 3.1101441 3.1101441 3.1101441 3.1101441 3.1101441 3.1101441 3.1101441 3.1101441 4.082064 4.082064 4.082064 4.082064 4.082064 4.082064 4.082064 2.1382241 2.1382241 2.1382241 2.1382241 2.1382241 2.1382241 2.1382241 2.1382241 3.1101441 3.1101441 3.1101441 3.1101441 3.1101441 3.1101441 3.1101441 1.94384 1.94384 1.94384 1.94384 1.94384 1.94384 1.94384 1.94384 1.94384 1.94384 1.94384 1.94384 1.94384 1.94384 1.94384 1.94384 1.94384 1.94384 1.94384 1.94384 1.94384 1.94384 1.94384 1.94384 1.94384 1.94384 1.94384 1.94384 1.94384 1.94384 2.1382241 2.1382241 2.1382241 2.1382241 2.1382241 2.1382241 2.1382241 2.1382241 3.304528 3.304528 3.304528 3.304528 3.304528 3.304528 3.304528 5.637136 5.637136 5.637136 5.637136 5.637136 5.637136 5.637136 5.637136
1.5550721 1.5550721 1.5550721 1.5550721 1.5550721 1.5550721 1.5550721 0.97192 0.97192 0.97192 0.97192 0.97192 0.97192 0.97192 0.97192 1.94384 1.94384 1.94384 1.94384 1.94384 1.94384 1.94384 2.1382241 2.1382241 2.1382241 2.1382241 2.1382241 2.1382241 2.1382241 2.1382241 1.749456 1.749456 1.749456 1.749456 1.749456 1.749456 1.749456 1.749456 0.97192 0.97192 0.97192 0.97192 0.97192 0.97192 0.97192 1.5550721 1.5550721 1.5550721 1.5550721 1.5550721 1.5550721 1.5550721 1.5550721 2.721376 2.721376 2.721376 2.721376 2.721376 2.721376 2.721376 3.1101441 3.1101441 3.1101441 3.1101441 3.1101441 3.1101441 3.1101441 3.1101441 4.082064 4.082064 4.082064 4.082064 4.082064 4.082064 4.082064 2.1382241 2.1382241 2.1382241 2.1382241 2.1382241 2.1382241 2.1382241 2.1382241 3.1101441 3.1101441 3.1101441 3.1101441 3.1101441 3.1101441 3.1101441 1.94384 1.94384 1.94384 1.94384 1.94384 1.94384 1.94384 1.94384 1.94384 1.94384 1.94384 1.94384 1.94384 1.94384 1.94384 1.94384 1.94384 1.94384 1.94384 1.94384 1.94384 1.94384 1.94384 1.94384 1.94384 1.94384 1.94384 1.94384 1.94384 1.94384 2.1382241 2.1382241 2.1382241 2.1382241 2.1382241 2.1382241 2.1382241 2.1382241 3.304528 3.304528 3.304528 3.304528 3.304528 3.304528 3.304528 5.637136 5.637136 5.637136 5.637136 5.637136 5.637136 5.637136 5.637136
3.1101441 3.1101441 3.1101441 3.1101441 3.1101441 3.1101441 3.1101441 2.91576 2.91576 2.91576 2.91576 2.91576 2.91576 2.91576 2.91576 2.721376 2.721376 2.721376 2.721376 2.721376 2.721376 2.721376 2.91576 2.91576 2.91576 2.91576 2.91576 2.91576 2.91576 2.91576 2.332608 2.332608 2.332608 2.332608 2.332608 2.332608 2.332608 2.332608 1.360688 1.360688 1.360688 1.360688 1.360688 1.360688 1.360688 0.97192 0.97192 0.97192 0.97192 0.97192 0.97192 0.97192 0.97192 1.749456 1.749456 1.749456 1.749456 1.749456 1.749456 1.749456 0.97192 0.97192 0.97192 0.97192 0.97192 0.97192 0.97192 0.97192 1.166304 1.166304 1.166304 1.166304 1.166304 1.166304 1.166304 2.721376 2.721376 2.721376 2.721376 2.721376 2.721376 2.721376 2.721376 2.91576 2.91576 2.91576 2.91576 2.91576 2.91576 2.91576 1.94384 1.94384 1.94384 1.94384 1.94384 1.94384 1.94384 1.94384 1.94384 1.94384 1.94384 1.94384 1.94384 1.94384 1.94384 0.97192 0.97192 0.97192 0.97192 0.97192 0.97192 0.97192 0.97192 0.97192 0.97192 0.97192 0.97192 0.97192 0.97192 0.97192 1.5550721 1.5550721 1.5550721 1.5550721 1.5550721 1.5550721 1.5550721 1.5550721 2.721376 2.721376 2.721376 2.721376 2.721376 2.721376 2.721376 3.304528 3.304528 3.304528 3.304528 3.304528 3.304528 3.304528 3.304528
3.1101441 3.1101441 3.1101441 3.1101441 3.1101441 3.1101441 3.1101441 2.91576 2.91576 2.91576 2.91576 2.91576 2.91576 2.91576 2.91576 2.721376 2.721376 2.721376 2.721376 2.721376 2.721376 2.721376 2.91576 2.91576 2.91576 2.91576 2.91576 2.91576 2.91576 2.91576 2.332608 2.332608 2.332608 2.332608 2.332608 2.332608 2.332608 2.332608 1.360688 1.360688 1.360688 1.360688 1.360688 1.360688 1.360688 0.97192 0.97192 0.97192 0.97192 0.97192 0.97192 0.97192 0.97192 1.749456 1.749456 1.749456 1.749456 1.749456 1.749456 1.749456 0.97192 0.97192 0.97192 0.97192 0.97192 0.97192 0.97192 0.97192 1.166304 1.166304 1.166304 1.166304 1.166304 1.166304 1.166304 2.721376 2.721376 2.721376 2.721376 2.721376 2.721376 2.721376 2.721376 2.91576 2.91576 2.91576 2.91576 2.91576 2.91576 2.91576 1.94384 1.94384 1.94384 1.94384 1.94384 1.94384 1.94384 1.94384 1.94384 1.94384 1.94384 1.94384 1.94384 1.94384 1.94384 0.97192 0.97192 0.97192 0.97192 0.97192 0.97192 0.97192 0.97192 0.97192 0.97192 0.97192 0.97192 0.97192 0.97192 0.97192 1.5550721 1.5550721 1.5550721 1.5550721 1.5550721 1.5550721 1.5550721 1.5550721 2.721376 2.721376 2.721376 2.721376 2.721376 2.721376 2.721376 3.304528 3.304528 3.304528 3.304528 3.304528 3.304528 3.304528 3.304528
3.1101441 3.1101441 3.1101441 3.1101441 3.1101441 3.1101441 3.1101441 2.91576 2.91576 2.91576 2.91576 2.91576 2.91576 2.91576 2.91576 2.721376 2.721376 2.721376 2.721376 2.721376 2.721376 2.721376 2.91576 2.91576 2.91576 2.91576 2.91576 2.91576 2.91576 2.91576 2.332608 2.332608 2.332608 2.332608 2.332608 2.332608 2.332608 2.332608 1.360688 1.360688 1.360688 1.360688 1.360688 1.360688 1.360688 0.97192 0.97192 0.97192 0.97192 0.97192 0.97192 0.97192 0.97192 1.749456 1.749456 1.749456 1.749456 1.749456 1.749456 1.749456 0.97192 0.97192 0.97192 0.97192 0.97192 0.97192 0.97192 0.97192 1.166304 1.166304 1.166304 1.166304 1.166304 1.166304 1.166304 2.721376 2.721376 2.721376 2.721376 2.721376 2.721376 2.721376 2.721376 2.91576 2.91576 2.91576 2.91576 2.91576 2.91576 2.91576 1.94384 1.94384 1.94384 1.94384 1.94384 1.94384 1.94384 1.94384 1.94384 1.94384 1.94384 1.94384 1.94384 1.94384 1.94384 0.97192 0.97192 0.97192 0.97192 0.97192 0.97192 0.97192 0.97192 0.97192 0.97192 0.97192 0.97192 0.97192 0.97192 0.97192 1.5550721 1.5550721 1.5550721 1.5550721 1.5550721 1.5550721 1.5550721 1.5550721 2.721376 2.721376 2.721376 2.721376 2.721376 2.721376 2.721376 3.304528 3.304528 3.304528 3.304528 3.304528 3.304528 3.304528 3.304528
3.1101441 3.1101441 3.1101441 3.1101441 3.1101441 3.1101441 3.1101441 2.91576 2.91576 2.91576 2.91576 2.91576 2.91576 2.91576 2.91576 2.721376 2.721376 2.721376 2.721376 2.721376 2.721376 2.721376 2.91576 2.91576 2.91576 2.91576 2.91576 2.91576 2.91576 2.91576 2.332608 2.332608 2.332608 2.332608 2.332608 2.332608 2.332608 2.332608 1.360688 1.360688 1.360688 1.360688 1.360688 1.360688 1.360688 0.97192 0.97192 0.97192 0.97192 0.97192 0.97192 0.97192 0.97192 1.749456 1.749456 1.749456 1.749456 1.749456 1.749456 1.749456 0.97192 0.97192 0.97192 0.97192 0.97192 0.97192 0.97192 0.97192 1.166304 1.166304 1.166304 1.166304 1.166304 1.166304 1.166304 2.721376 2.721376 2.721376 2.721376 2.721376 2.721376 2.721376 2.721376 2.91576 2.91576 2.91576 2.91576 2.91576 2.91576 2.91576 1.94384 1.94384 1.94384 1.94384 1.94384 1.94384 1.94384 1.94384 1.94384 1.94384 1.94384 1.94384 1.94384 1.94384 1.94384 0.97192 0.97192 0.97192 0.97192 0.97192 0.97192 0.97192 0.97192 0.97192 0.97192 0.97192 0.97192 0.97192 0.97192 0.97192 1.5550721 1.5550721 1.5550721 1.5550721 1.5550721 1.5550721 1.5550721 1.5550721 2.721376 2.721376 2.721376 2.721376 2.721376 2.721376 2.721376 3.304528 3.304528 3.304528 3.304528 3.304528 3.304528 3.304528 3.304528
3.1101441 3.1101441 3.1101441 3.1101441 3.1101441 3.1101441 3.1101441 2.91576 2.91576 2.91576 2.91576 2.91576 2.91576 2.91576 2.91576 2.721376 2.721376 2.721376 2.721376 2.721376 2.721376 2.721376 2.91576 2.91576 2.91576 2.91576 2.91576 2.91576 2.91576 2.91576 2.332608 2.332608 2.332608 2.332608 2.332608 2.332608 2.332608 2.332608 1.360688 1.360688 1.360688 1.360688 1.360688 1.360688 1.360688 0.97192 0.97192 0.97192 0.97192 0.97192 0.97192 0.97192 0.97192 1.749456 1.749456 1.749456 1.749456 1.749456 1.749456 1.749456 0.97192 0.97192 0.97192 0.97192 0.97192 0.97192 0.97192 0.97192 1.166304 1.166304 1.166304 1.166304 1.166304 1.166304 1.166304 2.721376 2.721376 2.721376 2.721376 2.721376 2.721376 2.721376 2.721376 2.91576 2.91576 2.91576 2.91576 2.91576 2.91576 2.91576 1.94384 1.94384 1.94384 1.94384 1.94384 1.94384 1.94384 1.94384 1.94384 1.94384 1.94384 1.94384 1.94384 1.94384 1.94384 0.97192 0.97192 0.97192 0.97192 0.97192 0.97192 0.97192 0.97192 0.97192 0.97192 0.97192 0.97192 0.97192 0.97192 0.97192 1.5550721 1.5550721 1.5550721 1.5550721 1.5550721 1.5550721 1.5550721 1.5550721 2.721376 2.721376 2.721376 2.721376 2.721376 2.721376 2.721376 3.304528 3.304528 3.304528 3.304528 3.304528 3.304528 3.304528 3.304528
3.1101441 3.1101441 3.1101441 3.1101441 3.1101441 3.1101441 3.1101441 2.91576 2.91576 2.91576 2.91576 2.91576 2.91576 2.91576 2.91576 2.721376 2.721376 2.721376 2.721376 2.721376 2.721376 2.721376 2.91576 2.91576 2.91576 2.91576 2.91576 2.91576 2.91576 2.91576 2.332608 2.332608 2.332608 2.332608 2.332608 2.332608 2.332608 2.332608 1.360688 1.360688 1.360688 1.360688 1.360688 1.360688 1.360688 0.97192 0.97192 0.97192 0.97192 0.97192 0.97192 0.97192 0.97192 1.749456 1.749456 1.749456 1.749456 1.749456 1.749456 1.749456 0.97192 0.97192 0.97192 0.97192 0.97192 0.97192 0.97192 0.97192 1.166304 1.166304 1.166304 1.166304 1.166304 1.166304 1.166304 2.721376 2.721376 2.721376 2.721376 2.721376 2.721376 2.721376 2.721376 2.91576 2.91576 2.91576 2.91576 2.91576 2.91576 2.91576 1.94384 1.94384 1.94384 1.94384 1.94384 1.94384 1.94384 1.94384 1.94384 1.94384 1.94384 1.94384 1.94384 1.94384 1.94384 0.97192 0.97192 0.97192 0.97192 0.97192 0.97192 0.97192 0.97192 0.97192 0.97192 0.97192 0.97192 0.97192 0.97192 0.97192 1.5550721 1.5550721 1.5550721 1.5550721 1.5550721 1.5550721 1.5550721 1.5550721 2.721376 2.721376 2.721376 2.721376 2.721376 2.721376 2.721376 3.304528 3.304528 3.304528 3.304528 3.304528 3.304528 3.304528 3.304528
3.1101441 3.1101441 3.1101441 3.1101441 3.1101441 3.1101441 3.1101441 2.91576 2.91576 2.91576 2.91576 2.91576 2.91576 2.91576 2.91576 2.721376 2.721376 2.721376 2.721376 2.721376 2.721376 2.721376 2.91576 2.91576 2.91576 2.91576 2.91576 2.91576 2.91576 2.91576 2.332608 2.332608 2.332608 2.332608 2.332608 2.332608 2.332608 2.332608 1.360688 1.360688 1.360688 1.360688 1.360688 1.360688 1.360688 0.97192 0.97192 0.97192 0.97192 0.97192 0.97192 0.97192 0.97192 1.749456 1.749456 1.749456 1.749456 1.749456 1.749456 1.749456 0.97192 0.97192 0.97192 0.97192 0.97192 0.97192 0.97192 0.97192 1.166304 1.166304 1.166304 1.166304 1.166304 1.166304 1.166304 2.721376 2.721376 2.721376 2.721376 2.721376 2.721376 2.721376 2.721376 2.91576 2.91576 2.91576 2.91576 2.91576 2.91576 2.91576 1.94384 1.94384 1.94384 1.94384 1.94384 1.94384 1.94384 1.94384 1.94384 1.94384 1.94384 1.94384 1.94384 1.94384 1.94384 0.97192 0.97192 0.97192 0.97192 0.97192 0.97192 0.97192 0.97192 0.97192 0.97192 0.97192 0.97192 0.97192 0.97192 0.97192 1.5550721 1.5550721 1.5550721 1.5550721 1.5550721 1.5550721 1.5550721 1.5550721 2.721376 2.721376 2.721376 2.721376 2.721376 2.721376 2.721376 3.304528 3.304528 3.304528 3.304528 3.304528 3.304528 3.304528 3.304528
3.1101441 3.1101441 3.1101441 3.1101441 3.1101441 3.1101441 3.1101441 2.91576 2.91576 2.91576 2.91576 2.91576 2.91576 2.91576 2.91576 2.721376 2.721376 2.721376 2.721376 2.721376 2.721376 2.721376 2.91576 2.91576 2.91576 2.91576 2.91576 2.91576 2.91576 2.91576 2.332608 2.332608 2.332608 2.332608 2.332608 2.332608 2.332608 2.332608 1.360688 1.360688 1.360688 1.360688 1.360688 1.360688 1.360688 0.97192 0.97192 0.97192 0.97192 0.97192 0.97192 0.97192 0.97192 1.749456 1.749456 1.749456 1.749456 1.749456 1.749456 1.749456 0.97192 0.97192 0.97192 0.97192 0.97192 0.97192 0.97192 0.97192 1.166304 1.166304 1.166304 1.166304 1.166304 1.166304 1.166304 2.721376 2.721376 2.721376 2.721376 2.721376 2.721376 2.721376 2.721376 2.91576 2.91576 2.91576 2.91576 2.91576 2.91576 2.91576 1.94384 1.94384 1.94384 1.94384 1.94384 1.94384 1.94384 1.94384 1.94384 1.94384 1.94384 1.94384 1.94384 1.94384 1.94384 0.97192 0.97192 0.97192 0.97192 0.97192 0.97192 0.97192 0.97192 0.97192 0.97192 0.97192 0.97192 0.97192 0.97192 0.97192 1.5550721 1.5550721 1.5550721 1.5550721 1.5550721 1.5550721 1.5550721 1.5550721 2.721376 2.721376 2.721376 2.721376 2.721376 2.721376 2.721376 3.304528 3.304528 3.304528 3.304528 3.304528 3.304528 3.304528 3.304528
3.304528 3.304528 3.304528 3.304528 3.304528 3.304528 3.304528 3.693296 3.693296 3.693296 3.693296 3.693296 3.693296 3.693296 3.693296 2.91576 2.91576 2.91576 2.91576 2.91576 2.91576 2.91576 1.94384 1.94384 1.94384 1.94384 1.94384 1.94384 1.94384 1.94384 1.94384 1.94384 1.94384 1.94384 1.94384 1.94384 1.94384 1.94384 2.526992 2.526992 2.526992 2.526992 2.526992 2.526992 2.526992 0.97192 0.97192 0.97192 0.97192 0.97192 0.97192 0.97192 0.97192 0.97192 0.97192 0.97192 0.97192 0.97192 0.97192 0.97192 1.749456 1.749456 1.749456 1.749456 1.749456 1.749456 1.749456 1.749456 2.721376 2.721376 2.721376 2.721376 2.721376 2.721376 2.721376 2.91576 2.91576 2.91576 2.91576 2.91576 2.91576 2.91576 2.91576 1.94384 1.94384 1.94384 1.94384 1.94384 1.94384 1.94384 2.91576 2.91576 2.91576 2.91576 2.91576 2.91576 2.91576 2.91576 2.91576 2.91576 2.91576 2.91576 2.91576 2.91576 2.91576 1.94384 1.94384 1.94384 1.94384 1.94384 1.94384 1.94384 1.94384 1.360688 1.360688 1.360688 1.360688 1.360688 1.360688 1.360688 1.94384 1.94384 1.94384 1.94384 1.94384 1.94384 1.94384 1.94384 3.498912 3.498912 3.498912 3.498912 3.498912 3.498912 3.498912 5.053984 5.053984 5.053984 5.053984 5.053984 5.053984 5.053984 5.053984
3.304528 3.304528 3.304528 3.304528 3.304528 3.304528 3.304528 3.693296 3.693296 3.693296 3.693296 3.693296 3.693296 3.693296 3.693296 2.91576 2.91576 2.91576 2.91576 2.91576 2.91576 2.91576 1.94384 1.94384 1.94384 1.94384 1.94384 1.94384 1.94384 1.94384 1.94384 1.94384 1.94384 1.94384 1.94384 1.94384 1.94384 1.94384 2.526992 2.526992 2.526992 2.526992 2.526992 2.526992 2.526992 0.97192 0.97192 0.97192 0.97192 0.97192 0.97192 0.97192 0.97192 0.97192 0.97192 0.97192 0.97192 0.97192 0.97192 0.97192 1.749456 1.749456 1.749456 1.749456 1.749456 1.749456 1.749456 1.749456 2.721376 2.721376 2.721376 2.721376 2.721376 2.721376 2.721376 2.91576 2.91576 2.91576 2.91576 2.91576 2.91576 2.91576 2.91576 1.94384 1.94384 1.94384 1.94384 1.94384 1.94384 1.94384 2.91576 2.91576 2.91576 2.91576 2.91576 2.91576 2.91576 2.91576 2.91576 2.91576 2.91576 2.91576 2.91576 2.91576 2.91576 1.94384 1.94384 1.94384 1.94384 1.94384 1.94384 1.94384 1.94384 1.360688 1.360688 1.360688 1.360688 1.360688 1.360688 1.360688 1.94384 1.94384 1.94384 1.94384 1.94384 1.94384 1.94384 1.94384 3.498912 3.498912 3.498912 3.498912 3.498912 3.498912 3.498912 5.053984 5.053984 5.053984 5.053984 5.053984 5.053984 5.053984 5.053984
3.304528 3.304528 3.304528 3.304528 3.304528 3.304528 3.304528 3.693296 3.693296 3.693296 3.693296 3.693296 3.693296 3.693296 3.693296 2.91576 2.91576 2.91576 2.91576 2.91576 2.91576 2.91576 1.94384 1.94384 1.94384 1.94384 1.94384 1.94384 1.94384 1.94384 1.94384 1.94384 1.94384 1.94384 1.94384 1.94384 1.94384 1.94384 2.526992 2.526992 2.526992 2.526992 2.526992 2.526992 2.526992 0.97192 0.97192 0.97192 0.97192 0.97192 0.97192 0.97192 0.97192 0.97192 0.97192 0.97192 0.97192 0.97192 0.97192 0.97192 1.749456 1.749456 1.749456 1.749456 1.749456 1.749456 1.749456 1.749456 2.721376 2.721376 2.721376 2.721376 2.721376 2.721376 2.721376 2.91576 2.91576 2.91576 2.91576 2.91576 2.91576 2.91576 2.91576 1.94384 1.94384 1.94384 1.94384 1.94384 1.94384 1.94384 2.91576 2.91576 2.91576 2.91576 2.91576 2.91576 2.91576 2.91576 2.91576 2.91576 2.91576 2.91576 2.91576 2.91576 2.91576 1.94384 1.94384 1.94384 1.94384 1.94384 1.94384 1.94384 1.94384 1.360688 1.360688 1.360688 1.360688 1.360688 1.360688 1.360688 1.94384 1.94384 1.94384 1.94384 1.94384 1.94384 1.94384 1.94384 3.498912 3.498912 3.498912 3.498912 3.498912 3.498912 3.498912 5.053984 5.053984 5.053984 5.053984 5.053984 5.053984 5.053984 5.053984
3.304528 3.304528 3.304528 3.304528 3.304528 3.304528 3.304528 3.693296 3.693296 3.693296 3.693296 3.693296 3.693296 3.693296 3.693296 2.91576 2.91576 2.91576 2.91576 2.91576 2.91576 2.91576 1.94384 1.94384 1.94384 1.94384 1.94384 1.94384 1.94384 1.94384 1.94384 1.94384 1.94384 1.94384 1.94384 1.94384 1.94384 1.94384 2.526992 2.526992 2.526992 2.526992 2.526992 2.526992 2.526992 0.97192 0.97192 0.97192 0.97192 0.97192 0.97192 0.97192 0.97192 0.97192 0.97192 0.97192 0.97192 0.97192 0.97192 0.97192 1.749456 1.749456 1.749456 1.749456 1.749456 1.749456 1.749456 1.749456 2.721376 2.721376 2.721376 2.721376 2.721376 2.721376 2.721376 2.91576 2.91576 2.91576 2.91576 2.91576 2.91576 2.91576 2.91576 1.94384 1.94384 1.94384 1.94384 1.94384 1.94384 1.94384 2.91576 2.91576 2.91576 2.91576 2.91576 2.91576 2.91576 2.91576 2.91576 2.91576 2.91576 2.91576 2.91576 2.91576 2.91576 1.94384 1.94384 1.94384 1.94384 1.94384 1.94384 1.94384 1.94384 1.360688 1.360688 1.360688 1.360688 1.360688 1.360688 1.360688 1.94384 1.94384 1.94384 1.94384 1.94384 1.94384 1.94384 1.94384 3.498912 3.498912 3.498912 3.498912 3.498912 3.498912 3.498912 5.053984 5.053984 5.053984 5.053984 5.053984 5.053984 5.053984 5.053984
3.304528 3.304528 3.304528 3.304528 3.304528 3.304528 3.304528 3.693296 3.693296 3.693296 3.693296 3.693296 3.693296 3.693296 3.693296 2.91576 2.91576 2.91576 2.91576 2.91576 2.91576 2.91576 1.94384 1.94384 1.94384 1.94384 1.94384 1.94384 1.94384 1.94384 1.94384 1.94384 1.94384 1.94384 1.94384 1.94384 1.94384 1.94384 2.526992 2.526992 2.526992 2.526992 2.526992 2.526992 2.526992 0.97192 0.97192 0.97192 0.97192 0.97192 0.97192 0.97192 0.97192 0.97192 0.97192 0.97192 0.97192 0.97192 0.97192 0.97192 1.749456 1.749456 1.749456 1.749456 1.749456 1.749456 1.749456 1.749456 2.721376 2.721376 2.721376 2.721376 2.721376 2.721376 2.721376 2.91576 2.91576 2.91576 2.91576 2.91576 2.91576 2.91576 2.91576 1.94384 1.94384 1.94384 1.94384 1.94384 1.94384 1.94384 2.91576 2.91576 2.91576 2.91576 2.91576 2.91576 2.91576 2.91576 2.91576 2.91576 2.91576 2.91576 2.91576 2.91576 2.91576 1.94384 1.94384 1.94384 1.94384 1.94384 1.94384 1.94384 1.94384 1.360688 1.360688 1.360688 1.360688 1.360688 1.360688 1.360688 1.94384 1.94384 1.94384 1.94384 1.94384 1.94384 1.94384 1.94384 3.498912 3.498912 3.498912 3.498912 3.498912 3.498912 3.498912 5.053984 5.053984 5.053984 5.053984 5.053984 5.053984 5.053984 5.053984
3.304528 3.304528 3.304528 3.304528 3.304528 3.304528 3.304528 3.693296 3.693296 3.693296 3.693296 3.693296 3.693296 3.693296 3.693296 2.91576 2.91576 2.91576 2.91576 2.91576 2.91576 2.91576 1.94384 1.94384 1.94384 1.94384 1.94384 1.94384 1.94384 1.94384 1.94384 1.94384 1.94384 1.94384 1.94384 1.94384 1.94384 1.94384 2.526992 2.526992 2.526992 2.526992 2.526992 2.526992 2.526992 0.97192 0.97192 0.97192 0.97192 0.97192 0.97192 0.97192 0.97192 0.97192 0.97192 0.97192 0.97192 0.97192 0.97192 0.97192 1.749456 1.749456 1.749456 1.749456 1.749456 1.749456 1.749456 1.749456 2.721376 2.721376 2.721376 2.721376 2.721376 2.721376 2.721376 2.91576 2.91576 2.91576 2.91576 2.91576 2.91576 2.91576 2.91576 1.94384 1.94384 1.94384 1.94384 1.94384 1.94384 1.94384 2.91576 2.91576 2.91576 2.91576 2.91576 2.91576 2.91576 2.91576 2.91576 2.91576 2.91576 2.91576 2.91576 2.91576 2.91576 1.94384 1.94384 1.94384 1.94384 1.94384 1.94384 1.94384 1.94384 1.360688 1.360688 1.360688 1.360688 1.360688 1.360688 1.360688 1.94384 1.94384 1.94384 1.94384 1.94384 1.94384 1.94384 1.94384 3.498912 3.498912 3.498912 3.498912 3.498912 3.498912 3.498912 5.053984 5.053984 5.053984 5.053984 5.053984 5.053984 5.053984 5.053984
3.304528 3.304528 3.304528 3.304528 3.304528 3.304528 3.304528 3.693296 3.693296 3.693296 3.693296 3.693296 3.693296 3.693296 3.693296 2.91576 2.91576 2.91576 2.91576 2.91576 2.91576 2.91576 1.94384 1.94384 1.94384 1.94384 1.94384 1.94384 1.94384 1.94384 1.94384 1.94384 1.94384 1.94384 1.94384 1.94384 1.94384 1.94384 2.526992 2.526992 2.526992 2.526992 2.526992 2.526992 2.526992 0.97192 0.97192 0.97192 0.97192 0.97192 0.97192 0.97192 0.97192 0.97192 0.97192 0.97192 0.97192 0.97192 0.97192 0.97192 1.749456 1.749456 1.749456 1.749456 1.749456 1.749456 1.749456 1.749456 2.721376 2.721376 2.721376 2.721376 2.721376 2.721376 2.721376 2.91576 2.91576 2.91576 2.91576 2.91576 2.91576 2.91576 2.91576 1.94384 1.94384 1.94384 1.94384 1.94384 1.94384 1.94384 2.91576 2.91576 2.91576 2.91576 2.91576 2.91576 2.91576 2.91576 2.91576 2.91576 2.91576 2.91576 2.91576 2.91576 2.91576 1.94384 1.94384 1.94384 1.94384 1.94384 1.94384 1.94384 1.94384 1.360688 1.360688 1.360688 1.360688 1.360688 1.360688 1.360688 1.94384 1.94384 1.94384 1.94384 1.94384 1.94384 1.94384 1.94384 3.498912 3.498912 3.498912 3.498912 3.498912 3.498912 3.498912 5.053984 5.053984 5.053984 5.053984 5.053984 5.053984 5.053984 5.053984
3.304528 3.304528 3.304528 3.304528 3.304528 3.304528 3.304528 3.693296 3.693296 3.693296 3.693296 3.693296 3.693296 3.693296 3.693296 2.91576 2.91576 2.91576 2.91576 2.91576 2.91576 2.91576 1.94384 1.94384 1.94384 1.94384 1.94384 1.94384 1.94384 1.94384 1.94384 1.94384 1.94384 1.94384 1.94384 1.94384 1.94384 1.94384 2.526992 2.526992 2.526992 2.526992 2.526992 2.526992 2.526992 0.97192 0.97192 0.97192 0.97192 0.97192 0.97192 0.97192 0.97192 0.97192 0.97192 0.97192 0.97192 0.97192 0.97192 0.97192 1.749456 1.749456 1.749456 1.749456 1.749456 1.749456 1.749456 1.749456 2.721376 2.721376 2.721376 2.721376 2.721376 2.721376 2.721376 2.91576 2.91576 2.91576 2.91576 2.91576 2.91576 2.91576 2.91576 1.94384 1.94384 1.94384 1.94384 1.94384 1.94384 1.94384 2.91576 2.91576 2.91576 2.91576 2.91576 2.91576 2.91576 2.91576 2.91576 2.91576 2.91576 2.91576 2.91576 2.91576 2.91576 1.94384 1.94384 1.94384 1.94384 1.94384 1.94384 1.94384 1.94384 1.360688 1.360688 1.360688 1.360688 1.360688 1.360688 1.360688 1.94384 1.94384 1.94384 1.94384 1.94384 1.94384 1.94384 1.94384 3.498912 3.498912 3.498912 3.498912 3.498912 3.498912 3.498912 5.053984 5.053984 5.053984 5.053984 5.053984 5.053984 5.053984 5.053984
3.304528 3.304528 3.304528 3.304528 3.304528 3.304528 3.304528 3.693296 3.693296 3.693296 3.693296 3.693296 3.693296 3.693296 3.693296 2.91576 2.91576 2.91576 2.91576 2.91576 2.91576 2.91576 1.94384 1.94384 1.94384 1.94384 1.94384 1.94384 1.94384 1.94384 1.94384 1.94384 1.94384 1.94384 1.94384 1.94384 1.94384 1.94384 2.526992 2.526992 2.526992 2.526992 2.526992 2.526992 2.526992 0.97192 0.97192 0.97192 0.97192 0.97192 0.97192 0.97192 0.97192 0.97192 0.97192 0.97192 0.97192 0.97192 0.97192 0.97192 1.749456 1.749456 1.749456 1.749456 1.749456 1.749456 1.749456 1.749456 2.721376 2.721376 2.721376 2.721376 2.721376 2.721376 2.721376 2.91576 2.91576 2.91576 2.91576 2.91576 2.91576 2.91576 2.91576 1.94384 1.94384 1.94384 1.94384 1.94384 1.94384 1.94384 2.91576 2.91576 2.91576 2.91576 2.91576 2.91576 2.91576 2.91576 2.91576 2.91576 2.91576 2.91576 2.91576 2.91576 2.91576 1.94384 1.94384 1.94384 1.94384 1.94384 1.94384 1.94384 1.94384 1.360688 1.360688 1.360688 1.360688 1.360688 1.360688 1.360688 1.94384 1.94384 1.94384 1.94384 1.94384 1.94384 1.94384 1.94384 3.498912 3.498912 3.498912 3.498912 3.498912 3.498912 3.498912 5.053984 5.053984 5.053984 5.053984 5.053984 5.053984 5.053984 5.053984
3.304528 3.304528 3.304528 3.304528 3.304528 3.304528 3.304528 3.693296 3.693296 3.693296 3.693296 3.693296 3.693296 3.693296 3.693296 2.91576 2.91576 2.91576 2.91576 2.91576 2.91576 2.91576 1.94384 1.94384 1.94384 1.94384 1.94384 1.94384 1.94384 1.94384 1.94384 1.94384 1.94384 1.94384 1.94384 1.94384 1.94384 1.94384 2.526992 2.526992 2.526992 2.526992 2.526992 2.526992 2.526992 0.97192 0.97192 0.97192 0.97192 0.97192 0.97192 0.97192 0.97192 0.97192 0.97192 0.97192 0.97192 0.97192 0.97192 0.97192 1.749456 1.749456 1.749456 1.749456 1.749456 1.749456 1.749456 1.749456 2.721376 2.721376 2.721376 2.721376 2.721376 2.721376 2.721376 2.91576 2.91576 2.91576 2.91576 2.91576 2.91576 2.91576 2.91576 1.94384 1.94384 1.94384 1.94384 1.94384 1.94384 1.94384 2.91576 2.91576 2.91576 2.91576 2.91576 2.91576 2.91576 2.91576 2.91576 2.91576 2.91576 2.91576 2.91576 2.91576 2.91576 1.94384 1.94384 1.94384 1.94384 1.94384 1.94384 1.94384 1.94384 1.360688 1.360688 1.360688 1.360688 1.360688 1.360688 1.360688 1.94384 1.94384 1.94384 1.94384 1.94384 1.94384 1.94384 1.94384 3.498912 3.498912 3.498912 3.498912 3.498912 3.498912 3.498912 5.053984 5.053984 5.053984 5.053984 5.053984 5.053984 5.053984 5.053984
3.304528 3.304528 3.304528 3.304528 3.304528 3.304528 3.304528 3.693296 3.693296 3.693296 3.693296 3.693296 3.693296 3.693296 3.693296 2.91576 2.91576 2.91576 2.91576 2.91576 2.91576 2.91576 1.94384 1.94384 1.94384 1.94384 1.94384 1.94384 1.94384 1.94384 1.94384 1.94384 1.94384 1.94384 1.94384 1.94384 1.94384 1.94384 2.526992 2.526992 2.526992 2.526992 2.526992 2.526992 2.526992 0.97192 0.97192 0.97192 0.97192 0.97192 0.97192 0.97192 0.97192 0.97192 0.97192 0.97192 0.97192 0.97192 0.97192 0.97192 1.749456 1.749456 1.749456 1.749456 1.749456 1.749456 1.749456 1.749456 2.721376 2.721376 2.721376 2.721376 2.721376 2.721376 2.721376 2.91576 2.91576 2.91576 2.91576 2.91576 2.91576 2.91576 2.91576 1.94384 1.94384 1.94384 1.94384 1.94384 1.94384 1.94384 2.91576 2.91576 2.91576 2.91576 2.91576 2.91576 2.91576 2.91576 2.91576 2.91576 2.91576 2.91576 2.91576 2.91576 2.91576 1.94384 1.94384 1.94384 1.94384 1.94384 1.94384 1.94384 1.94384 1.360688 1.360688 1.360688 1.360688 1.360688 1.360688 1.360688 1.94384 1.94384 1.94384 1.94384 1.94384 1.94384 1.94384 1.94384 3.498912 3.498912 3.498912 3.498912 3.498912 3.498912 3.498912 5.053984 5.053984 5.053984 5.053984 5.053984 5.053984 5.053984 5.053984
3.304528 3.304528 3.304528 3.304528 3.304528 3.304528 3.304528 3.693296 3.693296 3.693296 3.693296 3.693296 3.693296 3.693296 3.693296 2.91576 2.91576 2.91576 2.91576 2.91576 2.91576 2.91576 1.94384 1.94384 1.94384 1.94384 1.94384 1.94384 1.94384 1.94384 1.94384 1.94384 1.94384 1.94384 1.94384 1.94384 1.94384 1.94384 2.526992 2.526992 2.526992 2.526992 2.526992 2.526992 2.526992 0.97192 0.97192 0.97192 0.97192 0.97192 0.97192 0.97192 0.97192 0.97192 0.97192 0.97192 0.97192 0.97192 0.97192 0.97192 1.749456 1.749456 1.749456 1.749456 1.749456 1.749456 1.749456 1.749456 2.721376 2.721376 2.721376 2.721376 2.721376 2.721376 2.721376 2.91576 2.91576 2.91576 2.91576 2.91576 2.91576 2.91576 2.91576 1.94384 1.94384 1.94384 1.94384 1.94384 1.94384 1.94384 2.91576 2.91576 2.91576 2.91576 2.91576 2.91576 2.91576 2.91576 2.91576 2.91576 2.91576 2.91576 2.91576 2.91576 2.91576 1.94384 1.94384 1.94384 1.94384 1.94384 1.94384 1.94384 1.94384 1.360688 1.360688 1.360688 1.360688 1.360688 1.360688 1.360688 1.94384 1.94384 1.94384 1.94384 1.94384 1.94384 1.94384 1.94384 3.498912 3.498912 3.498912 3.498912 3.498912 3.498912 3.498912 5.053984 5.053984 5.053984 5.053984 5.053984 5.053984 5.053984 5.053984
3.304528 3.304528 3.304528 3.304528 3.304528 3.304528 3.304528 3.693296 3.693296 3.693296 3.693296 3.693296 3.693296 3.693296 3.693296 2.91576 2.91576 2.91576 2.91576 2.91576 2.91576 2.91576 1.94384 1.94384 1.94384 1.94384 1.94384 1.94384 1.94384 1.94384 1.94384 1.94384 1.94384 1.94384 1.94384 1.94384 1.94384 1.94384 2.526992 2.526992 2.526992 2.526992 2.526992 2.526992 2.526992 0.97192 0.97192 0.97192 0.97192 0.97192 0.97192 0.97192 0.97192 0.97192 0.97192 0.97192 0.97192 0.97192 0.97192 0.97192 1.749456 1.749456 1.749456 1.749456 1.749456 1.749456 1.749456 1.749456 2.721376 2.721376 2.721376 2.721376 2.721376 2.721376 2.721376 2.91576 2.91576 2.91576 2.91576 2.91576 2.91576 2.91576 2.91576 1.94384 1.94384 1.94384 1.94384 1.94384 1.94384 1.94384 2.91576 2.91576 2.91576 2.91576 2.91576 2.91576 2.91576 2.91576 2.91576 2.91576 2.91576 2.91576 2.91576 2.91576 2.91576 1.94384 1.94384 1.94384 1.94384 1.94384 1.94384 1.94384 1.94384 1.360688 1.360688 1.360688 1.360688 1.360688 1.360688 1.360688 1.94384 1.94384 1.94384 1.94384 1.94384 1.94384 1.94384 1.94384 3.498912 3.498912 3.498912 3.498912 3.498912 3.498912 3.498912 5.053984 5.053984 5.053984 5.053984 5.053984 5.053984 5.053984 5.053984
3.304528 3.304528 3.304528 3.304528 3.304528 3.304528 3.304528 3.693296 3.693296 3.693296 3.693296 3.693296 3.693296 3.693296 3.693296 2.91576 2.91576 2.91576 2.91576 2.91576 2.91576 2.91576 1.94384 1.94384 1.94384 1.94384 1.94384 1.94384 1.94384 1.94384 1.94384 1.94384 1.94384 1.94384 1.94384 1.94384 1.94384 1.94384 2.526992 2.526992 2.526992 2.526992 2.526992 2.526992 2.526992 0.97192 0.97192 0.97192 0.97192 0.97192 0.97192 0.97192 0.97192 0.97192 0.97192 0.97192 0.97192 0.97192 0.97192 0.97192 1.749456 1.749456 1.749456 1.749456 1.749456 1.749456 1.749456 1.749456 2.721376 2.721376 2.721376 2.721376 2.721376 2.721376 2.721376 2.91576 2.91576 2.91576 2.91576 2.91576 2.91576 2.91576 2.91576 1.94384 1.94384 1.94384 1.94384 1.94384 1.94384 1.94384 2.91576 2.91576 2.91576 2.91576 2.91576 2.91576 2.91576 2.91576 2.91576 2.91576 2.91576 2.91576 2.91576 2.91576 2.91576 1.94384 1.94384 1.94384 1.94384 1.94384 1.94384 1.94384 1.94384 1.360688 1.360688 1.360688 1.360688 1.360688 1.360688 1.360688 1.94384 1.94384 1.94384 1.94384 1.94384 1.94384 1.94384 1.94384 3.498912 3.498912 3.498912 3.498912 3.498912 3.498912 3.498912 5.053984 5.053984 5.053984 5.053984 5.053984 5.053984 5.053984 5.053984
3.304528 3.304528 3.304528 3.304528 3.304528 3.304528 3.304528 3.693296 3.693296 3.693296 3.693296 3.693296 3.693296 3.693296 3.693296 2.91576 2.91576 2.91576 2.91576 2.91576 2.91576 2.91576 1.94384 1.94384 1.94384 1.94384 1.94384 1.94384 1.94384 1.94384 1.94384 1.94384 1.94384 1.94384 1.94384 1.94384 1.94384 1.94384 2.526992 2.526992 2.526992 2.526992 2.526992 2.526992 2.526992 0.97192 0.97192 0.97192 0.97192 0.97192 0.97192 0.97192 0.97192 0.97192 0.97192 0.97192 0.97192 0.97192 0.97192 0.97192 1.749456 1.749456 1.749456 1.749456 1.749456 1.749456 1.749456 1.749456 2.721376 2.721376 2.721376 2.721376 2.721376 2.721376 2.721376 2.91576 2.91576 2.91576 2.91576 2.91576 2.91576 2.91576 2.91576 1.94384 1.94384 1.94384 1.94384 1.94384 1.94384 1.94384 2.91576 2.91576 2.91576 2.91576 2.91576 2.91576 2.91576 2.91576 2.91576 2.91576 2.91576 2.91576 2.91576 2.91576 2.91576 1.94384 1.94384 1.94384 1.94384 1.94384 1.94384 1.94384 1.94384 1.360688 1.360688 1.360688 1.360688 1.360688 1.360688 1.360688 1.94384 1.94384 1.94384 1.94384 1.94384 1.94384 1.94384 1.94384 3.498912 3.498912 3.498912 3.498912 3.498912 3.498912 3.498912 5.053984 5.053984 5.053984 5.053984 5.053984 5.053984 5.053984 5.053984
5.053984 5.053984 5.053984 5.053984 5.053984 5.053984 5.053984 5.053984 5.053984 5.053984 5.053984 5.053984 5.053984 5.053984 5.053984 4.082064 4.082064 4.082064 4.082064 4.082064 4.082064 4.082064 9999.0 9999.0 9999.0 9999.0 9999.0 9999.0 9999.0 9999.0 2.91576 2.91576 2.91576 2.91576 2.91576 2.91576 2.91576 2.91576 1.94384 1.94384 1.94384 1.94384 1.94384 1.94384 1.94384 1.94384 1.94384 1.94384 1.94384 1.94384 1.94384 1.94384 1.94384 5.2483683 5.2483683 5.2483683 5.2483683 5.2483683 5.2483683 5.2483683 4.470832 4.470832 4.470832 4.470832 4.470832 4.470832 4.470832 4.470832 6.025904 6.025904 6.025904 6.025904 6.025904 6.025904 6.025904 3.304528 3.304528 3.304528 3.304528 3.304528 3.304528 3.304528 3.304528 1.94384 1.94384 1.94384 1.94384 1.94384 1.94384 1.94384 1.94384 1.94384 1.94384 1.94384 1.94384 1.94384 1.94384 1.94384 1.94384 1.94384 1.94384 1.94384 1.94384 1.94384 1.94384 1.94384 1.94384 1.94384 1.94384 1.94384 1.94384 1.94384 1.94384 3.1101441 3.1101441 3.1101441 3.1101441 3.1101441 3.1101441 3.1101441 9999.0 9999.0 9999.0 9999.0 9999.0 9999.0 9999.0 9999.0 4.8596 4.8596 4.8596 4.8596 4.8596 4.8596 4.8596 5.637136 5.637136 5.637136 5.637136 5.637136 5.637136 5.637136 5.637136
5.053984 5.053984 5.053984 5.053984 5.053984 5.053984 5.053984 5.053984 5.053984 5.053984 5.053984 5.053984 5.053984 5.053984 5.053984 4.082064 4.082064 4.082064 4.082064 4.082064 4.082064 4.082064 9999.0 9999.0 9999.0 9999.0 9999.0 9999.0 9999.0 9999.0 2.91576 2.91576 2.91576 2.91576 2.91576 2.91576 2.91576 2.91576 1.94384 1.94384 1.94384 1.94384 1.94384 1.94384 1.94384 1.94384 1.94384 1.94384 1.94384 1.94384 1.94384 1.94384 1.94384 5.2483683 5.2483683 5.2483683 5.2483683 5.2483683 5.2483683 5.2483683 4.470832 4.470832 4.470832 4.470832 4.470832 4.470832 4.470832 4.470832 6.025904 6.025904 6.025904 6.025904 6.025904 6.025904 6.025904 3.304528 3.304528 3.304528 3.304528 3.304528 3.304528 3.304528 3.304528 1.94384 1.94384 1.94384 1.94384 1.94384 1.94384 1.94384 1.94384 1.94384 1.94384 1.94384 1.94384 1.94384 1.94384 1.94384 1.94384 1.94384 1.94384 1.94384 1.94384 1.94384 1.94384 1.94384 1.94384 1.94384 1.94384 1.94384 1.94384 1.94384 1.94384 3.1101441 3.1101441 3.1101441 3.1101441 3.1101441 3.1101441 3.1101441 9999.0 9999.0 9999.0 9999.0 9999.0 9999.0 9999.0 9999.0 4.8596 4.8596 4.8596 4.8596 4.8596 4.8596 4.8596 5.637136 5.637136 5.637136 5.637136 5.637136 5.637136 5.637136 5.637136
5.053984 5.053984 5.053984 5.053984 5.053984 5.053984 5.053984 5.053984 5.053984 5.053984 5.053984 5.053984 5.053984 5.053984 5.053984 4.082064 4.082064 4.082064 4.082064 4.082064 4.082064 4.082064 9999.0 9999.0 9999.0 9999.0 9999.0 9999.0 9999.0 9999.0 2.91576 2.91576 2.91576 2.91576 2.91576 2.91576 2.91576 2.91576 1.94384 1.94384 1.94384 1.94384 1.94384 1.94384 1.94384 1.94384 1.94384 1.94384 1.94384 1.94384 1.94384 1.94384 1.94384 5.2483683 5.2483683 5.2483683 5.2483683 5.2483683 5.2483683 5.2483683 4.470832 4.470832 4.470832 4.470832 4.470832 4.470832 4.470832 4.470832 6.025904 6.025904 6.025904 6.025904 6.025904 6.025904 6.025904 3.304528 3.304528 3.304528 3.304528 3.304528 3.304528 3.304528 3.304528 1.94384 1.94384 1.94384 1.94384 1.94384 1.94384 1.94384 1.94384 1.94384 1.94384 1.94384 1.94384 1.94384 1.94384 1.94384 1.94384 1.94384 1.94384 1.94384 1.94384 1.94384 1.94384 1.94384 1.94384 1.94384 1.94384 1.94384 1.94384 1.94384 1.94384 3.1101441 3.1101441 3.1101441 3.1101441 3.1101441 3.1101441 3.1101441 9999.0 9999.0 9999.0 9999.0 9999.0 9999.0 9999.0 9999.0 4.8596 4.8596 4.8596 4.8596 4.8596 4.8596 4.8596 5.637136 5.637136 5.637136 5.637136 5.637136 5.637136 5.637136 5.637136
5.053984 5.053984 5.053984 5.053984 5.053984 5.053984 5.053984 5.053984 5.053984 5.053984 5.053984 5.053984 5.053984 5.053984 5.053984 4.082064 4.082064 4.082064 4.082064 4.082064 4.082064 4.082064 9999.0 9999.0 9999.0 9999.0 9999.0 9999.0 9999.0 9999.0 2.91576 2.91576 2.91576 2.91576 2.91576 2.91576 2.91576 2.91576 1.94384 1.94384 1.94384 1.94384 1.94384 1.94384 1.94384 1.94384 1.94384 1.94384 1.94384 1.94384 1.94384 1.94384 1.94384 5.2483683 5.2483683 5.2483683 5.2483683 5.2483683 5.2483683 5.2483683 4.470832 4.470832 4.470832 4.470832 4.470832 4.470832 4.470832 4.470832 6.025904 6.025904 6.025904 6.025904 6.025904 6.025904 6.025904 3.304528 3.304528 3.304528 3.304528 3.304528 3.304528 3.304528 3.304528 1.94384 1.94384 1.94384 1.94384 1.94384 1.94384 1.94384 1.94384 1.94384 1.94384 1.94384 1.94384 1.94384 1.94384 1.94384 1.94384 1.94384 1.94384 1.94384 1.94384 1.94384 1.94384 1.94384 1.94384 1.94384 1.94384 1.94384 1.94384 1.94384 1.94384 3.1101441 3.1101441 3.1101441 3.1101441 3.1101441 3.1101441 3.1101441 9999.0 9999.0 9999.0 9999.0 9999.0 9999.0 9999.0 9999.0 4.8596 4.8596 4.8596 4.8596 4.8596 4.8596 4.8596 5.637136 5.637136 5.637136 5.637136 5.637136 5.637136 5.637136 5.637136
5.053984 5.053984 5.053984 5.053984 5.053984 5.053984 5.053984 5.053984 5.053984 5.053984 5.053984 5.053984 5.053984 5.053984 5.053984 4.082064 4.082064 4.082064 4.082064 4.082064 4.082064 4.082064 9999.0 9999.0 9999.0 9999.0 9999.0 9999.0 9999.0 9999.0 2.91576 2.91576 2.91576 2.91576 2.91576 2.91576 2.91576 2.91576 1.94384 1.94384 1.94384 1.94384 1.94384 1.94384 1.94384 1.94384 1.94384 1.94384 1.94384 1.94384 1.94384 1.94384 1.94384 5.2483683 5.2483683 5.2483683 5.2483683 5.2483683 5.2483683 5.2483683 4.470832 4.470832 4.470832 4.470832 4.470832 4.470832 4.470832 4.470832 6.025904 6.025904 6.025904 6.025904 6.025904 6.025904 6.025904 3.304528 3.304528 3.304528 3.304528 3.304528 3.304528 3.304528 3.304528 1.94384 1.94384 1.94384 1.94384 1.94384 1.94384 1.94384 1.94384 1.94384 1.94384 1.94384 1.94384 1.94384 1.94384 1.94384 1.94384 1.94384 1.94384 1.94384 1.94384 1.94384 1.94384 1.94384 1.94384 1.94384 1.94384 1.94384 1.94384 1.94384 1.94384 3.1101441 3.1101441 3.1101441 3.1101441 3.1101441 3.1101441 3.1101441 9999.0 9999.0 9999.0 9999.0 9999.0 9999.0 9999.0 9999.0 4.8596 4.8596 4.8596 4.8596 4.8596 4.8596 4.8596 5.637136 5.637136 5.637136 5.637136 5.637136 5.637136 5.637136 5.637136
5.053984 5.053984 5.053984 5.053984 5.053984 5.053984 5.053984 5.053984 5.053984 5.053984 5.053984 5.053984 5.053984 5.053984 5.053984 4.082064 4.082064 4.082064 4.082064 4.082064 4.082064 4.082064 9999.0 9999.0 9999.0 9999.0 9999.0 9999.0 9999.0 9999.0 2.91576 2.91576 2.91576 2.91576 2.91576 2.91576 2.91576 2.91576 1.94384 1.94384 1.94384 1.94384 1.94384 1.94384 1.94384 1.94384 1.94384 1.94384 1.94384 1.94384 1.94384 1.94384 1.94384 5.2483683 5.2483683 5.2483683 5.2483683 5.2483683 5.2483683 5.2483683 4.470832 4.470832 4.470832 4.470832 4.470832 4.470832 4.470832 4.470832 6.025904 6.025904 6.025904 6.025904 6.025904 6.025904 6.025904 3.304528 3.304528 3.304528 3.304528 3.304528 3.304528 3.304528 3.304528 1.94384 1.94384 1.94384 1.94384 1.94384 1.94384 1.94384 1.94384 1.94384 1.94384 1.94384 1.94384 1.94384 1.94384 1.94384 1.94384 1.94384 1.94384 1.94384 1.94384 1.94384 1.94384 1.94384 1.94384 1.94384 1.94384 1.94384 1.94384 1.94384 1.94384 3.1101441 3.1101441 3.1101441 3.1101441 3.1101441 3.1101441 3.1101441 9999.0 9999.0 9999.0 9999.0 9999.0 9999.0 9999.0 9999.0 4.8596 4.8596 4.8596 4.8596 4.8596 4.8596 4.8596 5.637136 5.637136 5.637136 5.637136 5.637136 5.637136 5.637136 5.637136
5.053984 5.053984 5.053984 5.053984 5.053984 5.053984 5.053984 5.053984 5.053984 5.053984 5.053984 5.053984 5.053984 5.053984 5.053984 4.082064 4.082064 4.082064 4.082064 4.082064 4.082064 4.082064 9999.0 9999.0 9999.0 9999.0 9999.0 9999.0 9999.0 9999.0 2.91576 2.91576 2.91576 2.91576 2.91576 2.91576 2.91576 2.91576 1.94384 1.94384 1.94384 1.94384 1.94384 1.94384 1.94384 1.94384 1.94384 1.94384 1.94384 1.94384 1.94384 1.94384 1.94384 5.2483683 5.2483683 5.2483683 5.2483683 5.2483683 5.2483683 5.2483683 4.470832 4.470832 4.470832 4.470832 4.470832 4.470832 4.470832 4.470832 6.025904 6.025904 6.025904 6.025904 6.025904 6.025904 6.025904 3.304528 3.304528 3.304528 3.304528 3.304528 3.304528 3.304528 3.304528 1.94384 1.94384 1.94384 1.94384 1.94384 1.94384 1.94384 1.94384 1.94384 1.94384 1.94384 1.94384 1.94384 1.94384 1.94384 1.94384 1.94384 1.94384 1.94384 1.94384 1.94384 1.94384 1.94384 1.94384 1.94384 1.94384 1.94384 1.94384 1.94384 1.94384 3.1101441 3.1101441 3.1101441 3.1101441 3.1101441 3.1101441 3.1101441 9999.0 9999.0 9999.0 9999.0 9999.0 9999.0 9999.0 9999.0 4.8596 4.8596 4.8596 4.8596 4.8596 4.8596 4.8596 5.637136 5.637136 5.637136 5.637136 5.637136 5.637136 5.637136 5.637136
6.025904 6.025904 6.025904 6.025904 6.025904 6.025904 6.025904 7.1922083 7.1922083 7.1922083 7.1922083 7.1922083 7.1922083 7.1922083 7.1922083 6.2202883 6.2202883 6.2202883 6.2202883 6.2202883 6.2202883 6.2202883 5.637136 5.637136 5.637136 5.637136 5.637136 5.637136 5.637136 5.637136 4.082064 4.082064 4.082064 4.082064 4.082064 4.082064 4.082064 4.082064 1.94384 1.94384 1.94384 1.94384 1.94384 1.94384 1.94384 3.1101441 3.1101441 3.1101441 3.1101441 3.1101441 3.1101441 3.1101441 3.1101441 5.2483683 5.2483683 5.2483683 5.2483683 5.2483683 5.2483683 5.2483683 7.1922083 7.1922083 7.1922083 7.1922083 7.1922083 7.1922083 7.1922083 7.1922083 8.5528965 8.5528965 8.5528965 8.5528965 8.5528965 8.5528965 8.5528965 5.442752 5.442752 5.442752 5.442752 5.442752 5.442752 5.442752 5.442752 1.94384 1.94384 1.94384 1.94384 1.94384 1.94384 1.94384 2.1382241 2.1382241 2.1382241 2.1382241 2.1382241 2.1382241 2.1382241 2.1382241 2.1382241 2.1382241 2.1382241 2.1382241 2.1382241 2.1382241 2.1382241 2.91576 2.91576 2.91576 2.91576 2.91576 2.91576 2.91576 2.91576 2.91576 2.91576 2.91576 2.91576 2.91576 2.91576 2.91576 4.082064 4.082064 4.082064 4.082064 4.082064 4.082064 4.082064 4.082064 4.082064 4.082064 4.082064 4.082064 4.082064 4.082064 4.082064 3.88768 3.88768 3.88768 3.88768 3.88768 3.88768 3.88768 3.88768
6.025904 6.025904 6.025904 6.025904 6.025904 6.025904 6.025904 7.1922083 7.1922083 7.1922083 7.1922083 7.1922083 7.1922083 7.1922083 7.1922083 6.2202883 6.2202883 6.2202883 6.2202883 6.2202883 6.2202883 6.2202883 5.637136 5.637136 5.637136 5.637136 5.637136 5.637136 5.637136 5.637136 4.082064 4.082064 4.082064 4.082064 4.082064 4.082064 4.082064 4.082064 1.94384 1.94384 1.94384 1.94384 1.94384 1.94384 1.94384 3.1101441 3.1101441 3.1101441 3.1101441 3.1101441 3.1101441 3.1101441 3.1101441 5.2483683 5.2483683 5.2483683 5.2483683 5.2483683 5.2483683 5.2483683 7.1922083 7.1922083 7.1922083 7.1922083 7.1922083 7.1922083 7.1922083 7.1922083 8.5528965 8.5528965 8.5528965 8.5528965 8.5528965 8.5528965 8.5528965 5.442752 5.442752 5.442752 5.442752 5.442752 5.442752 5.442752 5.442752 1.94384 1.94384 1.94384 1.94384 1.94384 1.94384 1.94384 2.1382241 2.1382241 2.1382241 2.1382241 2.1382241 2.1382241 2.1382241 2.1382241 2.1382241 2.1382241 2.1382241 2.1382241 2.1382241 2.1382241 2.1382241 2.91576 2.91576 2.91576 2.91576 2.91576 2.91576 2.91576 2.91576 2.91576 2.91576 2.91576 2.91576 2.91576 2.91576 2.91576 4.082064 4.082064 4.082064 4.082064 4.082064 4.082064 4.082064 4.082064 4.082064 4.082064 4.082064 4.082064 4.082064 4.082064 4.082064 3.88768 3.88768 3.88768 3.88768 3.88768 3.88768 3.88768 3.88768
6.025904 6.025904 6.025904 6.025904 6.025904 6.025904 6.025904 7.1922083 7.1922083 7.1922083 7.1922083 7.1922083 7.1922083 7.1922083 7.1922083 6.2202883 6.2202883 6.2202883 6.2202883 6.2202883 6.2202883 6.2202883 5.637136 5.637136 5.637136 5.637136 5.637136 5.637136 5.637136 5.637136 4.082064 4.082064 4.082064 4.082064 4.082064 4.082064 4.082064 4.082064 1.94384 1.94384 1.94384 1.94384 1.94384 1.94384 1.94384 3.1101441 3.1101441 3.1101441 3.1101441 3.1101441 3.1101441 3.1101441 3.1101441 5.2483683 5.2483683 5.2483683 5.2483683 5.2483683 5.2483683 5.2483683 7.1922083 7.1922083 7.1922083 7.1922083 7.1922083 7.1922083 7.1922083 7.1922083 8.5528965 8.5528965 8.5528965 8.5528965 8.5528965 8.5528965 8.5528965 5.442752 5.442752 5.442752 5.442752 5.442752 5.442752 5.442752 5.442752 1.94384 1.94384 1.94384 1.94384 1.94384 1.94384 1.94384 2.1382241 2.1382241 2.1382241 2.1382241 2.1382241 2.1382241 2.1382241 2.1382241 2.1382241 2.1382241 2.1382241 2.1382241 2.1382241 2.1382241 2.1382241 2.91576 2.91576 2.91576 2.91576 2.91576 2.91576 2.91576 2.91576 2.91576 2.91576 2.91576 2.91576 2.91576 2.91576 2.91576 4.082064 4.082064 4.082064 4.082064 4.082064 4.082064 4.082064 4.082064 4.082064 4.082064 4.082064 4.082064 4.082064 4.082064 4.082064 3.88768 3.88768 3.88768 3.88768 3.88768 3.88768 3.88768 3.88768
6.025904 6.025904 6.025904 6.025904 6.025904 6.025904 6.025904 7.1922083 7.1922083 7.1922083 7.1922083 7.1922083 7.1922083 7.1922083 7.1922083 6.2202883 6.2202883 6.2202883 6.2202883 6.2202883 6.2202883 6.2202883 5.637136 5.637136 5.637136 5.637136 5.637136 5.637136 5.637136 5.637136 4.082064 4.082064 4.082064 4.082064 4.082064 4.082064 4.082064 4.082064 1.94384 1.94384 1.94384 1.94384 1.94384 1.94384 1.94384 3.1101441 3.1101441 3.1101441 3.1101441 3.1101441 3.1101441 3.1101441 3.1101441 5.2483683 5.2483683 5.2483683 5.2483683 5.2483683 5.2483683 5.2483683 7.1922083 7.1922083 7.1922083 7.1922083 7.1922083 7.1922083 7.1922083 7.1922083 8.5528965 8.5528965 8.5528965 8.5528965 8.5528965 8.5528965 8.5528965 5.442752 5.442752 5.442752 5.442752 5.442752 5.442752 5.442752 5.442752 1.94384 1.94384 1.94384 1.94384 1.94384 1.94384 1.94384 2.1382241 2.1382241 2.1382241 2.1382241 2.1382241 2.1382241 2.1382241 2.1382241 2.1382241 2.1382241 2.1382241 2.1382241 2.1382241 2.1382241 2.1382241 2.91576 2.91576 2.91576 2.91576 2.91576 2.91576 2.91576 2.91576 2.91576 2.91576 2.91576 2.91576 2.91576 2.91576 2.91576 4.082064 4.082064 4.082064 4.082064 4.082064 4.082064 4.082064 4.082064 4.082064 4.082064 4.082064 4.082064 4.082064 4.082064 4.082064 3.88768 3.88768 3.88768 3.88768 3.88768 3.88768 3.88768 3.88768
6.025904 6.025904 6.025904 6.025904 6.025904 6.025904 6.025904 7.1922083 7.1922083 7.1922083 7.1922083 7.1922083 7.1922083 7.1922083 7.1922083 6.2202883 6.2202883 6.2202883 6.2202883 6.2202883 6.2202883 6.2202883 5.637136 5.637136 5.637136 5.637136 5.637136 5.637136 5.637136 5.637136 4.082064 4.082064 4.082064 4.082064 4.082064 4.082064 4.082064 4.082064 1.94384 1.94384 1.94384 1.94384 1.94384 1.94384 1.94384 3.1101441 3.1101441 3.1101441 3.1101441 3.1101441 3.1101441 3.1101441 3.1101441 5.2483683 5.2483683 5.2483683 5.2483683 5.2483683 5.2483683 5.2483683 7.1922083 7.1922083 7.1922083 7.1922083 7.1922083 7.1922083 7.1922083 7.1922083 8.5528965 8.5528965 8.5528965 8.5528965 8.5528965 8.5528965 8.5528965 5.442752 5.442752 5.442752 5.442752 5.442752 5.442752 5.442752 5.442752 1.94384 1.94384 1.94384 1.94384 1.94384 1.94384 1.94384 2.1382241 2.1382241 2.1382241 2.1382241 2.1382241 2.1382241 2.1382241 2.1382241 2.1382241 2.1382241 2.1382241 2.1382241 2.1382241 2.1382241 2.1382241 2.91576 2.91576 2.91576 2.91576 2.91576 2.91576 2.91576 2.91576 2.91576 2.91576 2.91576 2.91576 2.91576 2.91576 2.91576 4.082064 4.082064 4.082064 4.082064 4.082064 4.082064 4.082064 4.082064 4.082064 4.082064 4.082064 4.082064 4.082064 4.082064 4.082064 3.88768 3.88768 3.88768 3.88768 3.88768 3.88768 3.88768 3.88768
6.025904 6.025904 6.025904 6.025904 6.025904 6.025904 6.025904 7.1922083 7.1922083 7.1922083 7.1922083 7.1922083 7.1922083 7.1922083 7.1922083 6.2202883 6.2202883 6.2202883 6.2202883 6.2202883 6.2202883 6.2202883 5.637136 5.637136 5.637136 5.637136 5.637136 5.637136 5.637136 5.637136 4.082064 4.082064 4.082064 4.082064 4.082064 4.082064 4.082064 4.082064 1.94384 1.94384 1.94384 1.94384 1.94384 1.94384 1.94384 3.1101441 3.1101441 3.1101441 3.1101441 3.1101441 3.1101441 3.1101441 3.1101441 5.2483683 5.2483683 5.2483683 5.2483683 5.2483683 5.2483683 5.2483683 7.1922083 7.1922083 7.1922083 7.1922083 7.1922083 7.1922083 7.1922083 7.1922083 8.5528965 8.5528965 8.5528965 8.5528965 8.5528965 8.5528965 8.5528965 5.442752 5.442752 5.442752 5.442752 5.442752 5.442752 5.442752 5.442752 1.94384 1.94384 1.94384 1.94384 1.94384 1.94384 1.94384 2.1382241 2.1382241 2.1382241 2.1382241 2.1382241 2.1382241 2.1382241 2.1382241 2.1382241 2.1382241 2.1382241 2.1382241 2.1382241 2.1382241 2.1382241 2.91576 2.91576 2.91576 2.91576 2.91576 2.91576 2.91576 2.91576 2.91576 2.91576 2.91576 2.91576 2.91576 2.91576 2.91576 4.082064 4.082064 4.082064 4.082064 4.082064 4.082064 4.082064 4.082064 4.082064 4.082064 4.082064 4.082064 4.082064 4.082064 4.082064 3.88768 3.88768 3.88768 3.88768 3.88768 3.88768 3.88768 3.88768
6.025904 6.025904 6.025904 6.025904 6.025904 6.025904 6.025904 7.1922083 7.1922083 7.1922083 7.1922083 7.1922083 7.1922083 7.1922083 7.1922083 6.2202883 6.2202883 6.2202883 6.2202883 6.2202883 6.2202883 6.2202883 5.637136 5.637136 5.637136 5.637136 5.637136 5.637136 5.637136 5.637136 4.082064 4.082064 4.082064 4.082064 4.082064 4.082064 4.082064 4.082064 1.94384 1.94384 1.94384 1.94384 1.94384 1.94384 1.94384 3.1101441 3.1101441 3.1101441 3.1101441 3.1101441 3.1101441 3.1101441 3.1101441 5.2483683 5.2483683 5.2483683 5.2483683 5.2483683 5.2483683 5.2483683 7.1922083 7.1922083 7.1922083 7.1922083 7.1922083 7.1922083 7.1922083 7.1922083 8.5528965 8.5528965 8.5528965 8.5528965 8.5528965 8.5528965 8.5528965 5.442752 5.442752 5.442752 5.442752 5.442752 5.442752 5.442752 5.442752 1.94384 1.94384 1.94384 1.94384 1.94384 1.94384 1.94384 2.1382241 2.1382241 2.1382241 2.1382241 2.1382241 2.1382241 2.1382241 2.1382241 2.1382241 2.1382241 2.1382241 2.1382241 2.1382241 2.1382241 2.1382241 2.91576 2.91576 2.91576 2.91576 2.91576 2.91576 2.91576 2.91576 2.91576 2.91576 2.91576 2.91576 2.91576 2.91576 2.91576 4.082064 4.082064 4.082064 4.082064 4.082064 4.082064 4.082064 4.082064 4.082064 4.082064 4.082064 4.082064 4.082064 4.082064 4.082064 3.88768 3.88768 3.88768 3.88768 3.88768 3.88768 3.88768 3.88768
6.025904 6.025904 6.025904 6.025904 6.025904 6.025904 6.025904 7.1922083 7.1922083 7.1922083 7.1922083 7.1922083 7.1922083 7.1922083 7.1922083 6.2202883 6.2202883 6.2202883 6.2202883 6.2202883 6.2202883 6.2202883 5.637136 5.637136 5.637136 5.637136 5.637136 5.637136 5.637136 5.637136 4.082064 4.082064 4.082064 4.082064 4.082064 4.082064 4.082064 4.082064 1.94384 1.94384 1.94384 1.94384 1.94384 1.94384 1.94384 3.1101441 3.1101441 3.1101441 3.1101441 3.1101441 3.1101441 3.1101441 3.1101441 5.2483683 5.2483683 5.2483683 5.2483683 5.2483683 5.2483683 5.2483683 7.1922083 7.1922083 7.1922083 7.1922083 7.1922083 7.1922083 7.1922083 7.1922083 8.5528965 8.5528965 8.5528965 8.5528965 8.5528965 8.5528965 8.5528965 5.442752 5.442752 5.442752 5.442752 5.442752 5.442752 5.442752 5.442752 1.94384 1.94384 1.94384 1.94384 1.94384 1.94384 1.94384 2.1382241 2.1382241 2.1382241 2.1382241 2.1382241 2.1382241 2.1382241 2.1382241 2.1382241 2.1382241 2.1382241 2.1382241 2.1382241 2.1382241 2.1382241 2.91576 2.91576 2.91576 2.91576 2.91576 2.91576 2.91576 2.91576 2.91576 2.91576 2.91576 2.91576 2.91576 2.91576 2.91576 4.082064 4.082064 4.082064 4.082064 4.082064 4.082064 4.082064 4.082064 4.082064 4.082064 4.082064 4.082064 4.082064 4.082064 4.082064 3.88768 3.88768 3.88768 3.88768 3.88768 3.88768 3.88768 3.88768
7.9697437 7.9697437 7.9697437 7.9697437 7.9697437 7.9697437 7.9697437 7.9697437 7.9697437 7.9697437 7.9697437 7.9697437 7.9697437 7.9697437 7.9697437 7.77536 7.77536 7.77536 7.77536 7.77536 7.77536 7.77536 6.414672 6.414672 6.414672 6.414672 6.414672 6.414672 6.414672 6.414672 9999.0 9999.0 9999.0 9999.0 9999.0 9999.0 9999.0 9999.0 9999.0 9999.0 9999.0 9999.0 9999.0 9999.0 9999.0 4.2764482 4.2764482 4.2764482 4.2764482 4.2764482 4.2764482 4.2764482 4.2764482 5.2483683 5.2483683 5.2483683 5.2483683 5.2483683 5.2483683 5.2483683 6.025904 6.025904 6.025904 6.025904 6.025904 6.025904 6.025904 6.025904 5.442752 5.442752 5.442752 5.442752 5.442752 5.442752 5.442752 4.8596 4.8596 4.8596 4.8596 4.8596 4.8596 4.8596 4.8596 2.332608 2.332608 2.332608 2.332608 2.332608 2.332608 2.332608 2.526992 2.526992 2.526992 2.526992 2.526992 2.526992 2.526992 2.526992 2.526992 2.526992 2.526992 2.526992 2.526992 2.526992 2.526992 3.498912 3.498912 3.498912 3.498912 3.498912 3.498912 3.498912 3.498912 4.082064 4.082064 4.082064 4.082064 4.082064 4.082064 4.082064 9999.0 9999.0 9999.0 9999.0 9999.0 9999.0 9999.0 9999.0 5.83152 5.83152 5.83152 5.83152 5.83152 5.83152 5.83152 4.2764482 4.2764482 4.2764482 4.2764482 4.2764482 4.2764482 4.2764482 4.2764482
7.9697437 7.9697437 7.9697437 7.9697437 7.9697437 7.9697437 7.9697437 7.9697437 7.9697437 7.9697437 7.9697437 7.9697437 7.9697437 7.9697437 7.9697437 7.77536 7.77536 7.77536 7.77536 7.77536 7.77536 7.77536 6.414672 6.414672 6.414672 6.414672 6.414672 6.414672 6.414672 6.414672 9999.0 9999.0 9999.0 9999.0 9999.0 9999.0 9999.0 9999.0 9999.0 9999.0 9999.0 9999.0 9999.0 9999.0 9999.0 4.2764482 4.2764482 4.2764482 4.2764482 4.2764482 4.2764482 4.2764482 4.2764482 5.2483683 5.2483683 5.2483683 5.2483683 5.2483683 5.2483683 5.2483683 6.025904 6.025904 6.025904 6.025904 6.025904 6.025904 6.025904 6.025904 5.442752 5.442752 5.442752 5.442752 5.442752 5.442752 5.442752 4.8596 4.8596 4.8596 4.8596 4.8596 4.8596 4.8596 4.8596 2.332608 2.332608 2.332608 2.332608 2.332608 2.332608 2.332608 2.526992 2.526992 2.526992 2.526992 2.526992 2.526992 2.526992 2.526992 2.526992 2.526992 2.526992 2.526992 2.526992 2.526992 2.526992 3.498912 3.498912 3.498912 3.498912 3.498912 3.498912 3.498912 3.498912 4.082064 4.082064 4.082064 4.082064 4.082064 4.082064 4.082064 9999.0 9999.0 9999.0 9999.0 9999.0 9999.0 9999.0 9999.0 5.83152 5.83152 5.83152 5.83152 5.83152 5.83152 5.83152 4.2764482 4.2764482 4.2764482 4.2764482 4.2764482 4.2764482 4.2764482 4.2764482
7.9697437 7.9697437 7.9697437 7.9697437 7.9697437 7.9697437 7.9697437 7.9697437 7.9697437 7.9697437 7.9697437 7.9697437 7.9697437 7.9697437 7.9697437 7.77536 7.77536 7.77536 7.77536 7.77536 7.77536 7.77536 6.414672 6.414672 6.414672 6.414672 6.414672 6.414672 6.414672 6.414672 9999.0 9999.0 9999.0 9999.0 9999.0 9999.0 9999.0 9999.0 9999.0 9999.0 9999.0 9999.0 9999.0 9999.0 9999.0 4.2764482 4.2764482 4.2764482 4.2764482 4.2764482 4.2764482 4.2764482 4.2764482 5.2483683 5.2483683 5.2483683 5.2483683 5.2483683 5.2483683 5.2483683 6.025904 6.025904 6.025904 6.025904 6.025904 6.025904 6.025904 6.025904 5.442752 5.442752 5.442752 5.442752 5.442752 5.442752 5.442752 4.8596 4.8596 4.8596 4.8596 4.8596 4.8596 4.8596 4.8596 2.332608 2.332608 2.332608 2.332608 2.332608 2.332608 2.332608 2.526992 2.526992 2.526992 2.526992 2.526992 2.526992 2.526992 2.526992 2.526992 2.526992 2.526992 2.526992 2.526992 2.526992 2.526992 3.498912 3.498912 3.498912 3.498912 3.498912 3.498912 3.498912 3.498912 4.082064 4.082064 4.082064 4.082064 4.082064 4.082064 4.082064 9999.0 9999.0 9999.0 9999.0 9999.0 9999.0 9999.0 9999.0 5.83152 5.83152 5.83152 5.83152 5.83152 5.83152 5.83152 4.2764482 4.2764482 4.2764482 4.2764482 4.2764482 4.2764482 4.2764482 4.2764482
7.9697437 7.9697437 7.9697437 7.9697437 7.9697437 7.9697437 7.9697437 7.9697437 7.9697437 7.9697437 7.9697437 7.9697437 7.9697437 7.9697437 7.9697437 7.77536 7.77536 7.77536 7.77536 7.77536 7.77536 7.77536 6.414672 6.414672 6.414672 6.414672 6.414672 6.414672 6.414672 6.414672 9999.0 9999.0 9999.0 9999.0 9999.0 9999.0 9999.0 9999.0 9999.0 9999.0 9999.0 9999.0 9999.0 9999.0 9999.0 4.2764482 4.2764482 4.2764482 4.2764482 4.2764482 4.2764482 4.2764482 4.2764482 5.2483683 5.2483683 5.2483683 5.2483683 5.2483683 5.2483683 5.2483683 6.025904 6.025904 6.025904 6.025904 6.025904 6.025904 6.025904 6.025904 5.442752 5.442752 5.442752 5.442752 5.442752 5.442752 5.442752 4.8596 4.8596 4.8596 4.8596 4.8596 4.8596 4.8596 4.8596 2.332608 2.332608 2.332608 2.332608 2.332608 2.332608 2.332608 2.526992 2.526992 2.526992 2.526992 2.526992 2.526992 2.526992 2.526992 2.526992 2.526992 2.526992 2.526992 2.526992 2.526992 2.526992 3.498912 3.498912 3.498912 3.498912 3.498912 3.498912 3.498912 3.498912 4.082064 4.082064 4.082064 4.082064 4.082064 4.082064 4.082064 9999.0 9999.0 9999.0 9999.0 9999.0 9999.0 9999.0 9999.0 5.83152 5.83152 5.83152 5.83152 5.83152 5.83152 5.83152 4.2764482 4.2764482 4.2764482 4.2764482 4.2764482 4.2764482 4.2764482 4.2764482
7.9697437 7.9697437 7.9697437 7.9697437 7.9697437 7.9697437 7.9697437 7.9697437 7.9697437 7.9697437 7.9697437 7.9697437 7.9697437 7.9697437 7.9697437 7.77536 7.77536 7.77536 7.77536 7.77536 7.77536 7.77536 6.414672 6.414672 6.414672 6.414672 6.414672 6.414672 6.414672 6.414672 9999.0 9999.0 9999.0 9999.0 9999.0 9999.0 9999.0 9999.0 9999.0 9999.0 9999.0 9999.0 9999.0 9999.0 9999.0 4.2764482 4.2764482 4.2764482 4.2764482 4.2764482 4.2764482 4.2764482 4.2764482 5.2483683 5.2483683 5.2483683 5.2483683 5.2483683 5.2483683 5.2483683 6.025904 6.025904 6.025904 6.025904 6.025904 6.025904 6.025904 6.025904 5.442752 5.442752 5.442752 5.442752 5.442752 5.442752 5.442752 4.8596 4.8596 4.8596 4.8596 4.8596 4.8596 4.8596 4.8596 2.332608 2.332608 2.332608 2.332608 2.332608 2.332608 2.332608 2.526992 2.526992 2.526992 2.526992 2.526992 2.526992 2.526992 2.526992 2.526992 2.526992 2.526992 2.526992 2.526992 2.526992 2.526992 3.498912 3.498912 3.498912 3.498912 3.498912 3.498912 3.498912 3.498912 4.082064 4.082064 4.082064 4.082064 4.082064 4.082064 4.082064 9999.0 9999.0 9999.0 9999.0 9999.0 9999.0 9999.0 9999.0 5.83152 5.83152 5.83152 5.83152 5.83152 5.83152 5.83152 4.2764482 4.2764482 4.2764482 4.2764482 4.2764482 4.2764482 4.2764482 4.2764482
7.9697437 7.9697437 7.9697437 7.9697437 7.9697437 7.9697437 7.9697437 7.9697437 7.9697437 7.9697437 7.9697437 7.9697437 7.9697437 7.9697437 7.9697437 7.77536 7.77536 7.77536 7.77536 7.77536 7.77536 7.77536 6.414672 6.414672 6.414672 6.414672 6.414672 6.414672 6.414672 6.414672 9999.0 9999.0 9999.0 9999.0 9999.0 9999.0 9999.0 9999.0 9999.0 9999.0 9999.0 9999.0 9999.0 9999.0 9999.0 4.2764482 4.2764482 4.2764482 4.2764482 4.2764482 4.2764482 4.2764482 4.2764482 5.2483683 5.2483683 5.2483683 5.2483683 5.2483683 5.2483683 5.2483683 6.025904 6.025904 6.025904 6.025904 6.025904 6.025904 6.025904 6.025904 5.442752 5.442752 5.442752 5.442752 5.442752 5.442752 5.442752 4.8596 4.8596 4.8596 4.8596 4.8596 4.8596 4.8596 4.8596 2.332608 2.332608 2.332608 2.332608 2.332608 2.332608 2.332608 2.526992 2.526992 2.526992 2.526992 2.526992 2.526992 2.526992 2.526992 2.526992 2.526992 2.526992 2.526992 2.526992 2.526992 2.526992 3.498912 3.498912 3.498912 3.498912 3.498912 3.498912 3.498912 3.498912 4.082064 4.082064 4.082064 4.082064 4.082064 4.082064 4.082064 9999.0 9999.0 9999.0 9999.0 9999.0 9999.0 9999.0 9999.0 5.83152 5.83152 5.83152 5.83152 5.83152 5.83152 5.83152 4.2764482 4.2764482 4.2764482 4.2764482 4.2764482 4.2764482 4.2764482 4.2764482
7.9697437 7.9697437 7.9697437 7.9697437 7.9697437 7.9697437 7.9697437 7.9697437 7.9697437 7.9697437 7.9697437 7.9697437 7.9697437 7.9697437 7.9697437 7.77536 7.77536 7.77536 7.77536 7.77536 7.77536 7.77536 6.414672 6.414672 6.414672 6.414672 6.414672 6.414672 6.414672 6.414672 9999.0 9999.0 9999.0 9999.0 9999.0 9999.0 9999.0 9999.0 9999.0 9999.0 9999.0 9999.0 9999.0 9999.0 9999.0 4.2764482 4.2764482 4.2764482 4.2764482 4.2764482 4.2764482 4.2764482 4.2764482 5.2483683 5.2483683 5.2483683 5.2483683 5.2483683 5.2483683 5.2483683 6.025904 6.025904 6.025904 6.025904 6.025904 6.025904 6.025904 6.025904 5.442752 5.442752 5.442752 5.442752 5.442752 5.442752 5.442752 4.8596 4.8596 4.8596 4.8596 4.8596 4.8596 4.8596 4.8596 2.332608 2.332608 2.332608 2.332608 2.332608 2.332608 2.332608 2.526992 2.526992 2.526992 2.526992 2.526992 2.526992 2.526992 2.526992 2.526992 2.526992 2.526992 2.526992 2.526992 2.526992 2.526992 3.498912 3.498912 3.498912 3.498912 3.498912 3.498912 3.498912 3.498912 4.082064 4.082064 4.082064 4.082064 4.082064 4.082064 4.082064 9999.0 9999.0 9999.0 9999.0 9999.0 9999.0 9999.0 9999.0 5.83152 5.83152 5.83152 5.83152 5.83152 5.83152 5.83152 4.2764482 4.2764482 4.2764482 4.2764482 4.2764482 4.2764482 4.2764482 4.2764482
7.9697437 7.9697437 7.9697437 7.9697437 7.9697437 7.9697437 7.9697437 8.5528965 8.5528965 8.5528965 8.5528965 8.5528965 8.5528965 8.5528965 8.5528965 8.358512 8.358512 8.358512 8.358512 8.358512 8.358512 8.358512 8.74728 8.74728 8.74728 8.74728 8.74728 8.74728 8.74728 8.74728 9.330432 9.330432 9.330432 9.330432 9.330432 9.330432 9.330432 9.330432 7.9697437 7.9697437 7.9697437 7.9697437 7.9697437 7.9697437 7.9697437 5.053984 5.053984 5.053984 5.053984 5.053984 5.053984 5.053984 5.053984 5.053984 5.053984 5.053984 5.053984 5.053984 5.053984 5.053984 3.498912 3.498912 3.498912 3.498912 3.498912 3.498912 3.498912 3.498912 9999.0 9999.0 9999.0 9999.0 9999.0 9999.0 9999.0 2.721376 2.721376 2.721376 2.721376 2.721376 2.721376 2.721376 2.721376 1.5550721 1.5550721 1.5550721 1.5550721 1.5550721 1.5550721 1.5550721 1.5550721 1.5550721 1.5550721 1.5550721 1.5550721 1.5550721 1.5550721 1.5550721 1.5550721 1.5550721 1.5550721 1.5550721 1.5550721 1.5550721 1.5550721 2.332608 2.332608 2.332608 2.332608 2.332608 2.332608 2.332608 2.332608 9999.0 9999.0 9999.0 9999.0 9999.0 9999.0 9999.0 5.053984 5.053984 5.053984 5.053984 5.053984 5.053984 5.053984 5.053984 9999.0 9999.0 9999.0 9999.0 9999.0 9999.0 9999.0 4.082064 4.082064 4.082064 4.082064 4.082064 4.082064 4.082064 4.082064
7.9697437 7.9697437 7.9697437 7.9697437 7.9697437 7.9697437 7.9697437 8.5528965 8.5528965 8.5528965 8.5528965 8.5528965 8.5528965 8.5528965 8.5528965 8.358512 8.358512 8.358512 8.358512 8.358512 8.358512 8.358512 8.74728 8.74728 8.74728 8.74728 8.74728 8.74728 8.74728 8.74728 9.330432 9.330432 9.330432 9.330432 9.330432 9.330432 9.330432 9.330432 7.9697437 7.9697437 7.9697437 7.9697437 7.9697437 7.9697437 7.9697437 5.053984 5.053984 5.053984 5.053984 5.053984 5.053984 5.053984 5.053984 5.053984 5.053984 5.053984 5.053984 5.053984 5.053984 5.053984 3.498912 3.498912 3.498912 3.498912 3.498912 3.498912 3.498912 3.498912 9999.0 9999.0 9999.0 9999.0 9999.0 9999.0 9999.0 2.721376 2.721376 2.721376 2.721376 2.721376 2.721376 2.721376 2.721376 1.5550721 1.5550721 1.5550721 1.5550721 1.5550721 1.5550721 1.5550721 1.5550721 1.5550721 1.5550721 1.5550721 1.5550721 1.5550721 1.5550721 1.5550721 1.5550721 1.5550721 1.5550721 1.5550721 1.5550721 1.5550721 1.5550721 2.332608 2.332608 2.332608 2.332608 2.332608 2.332608 2.332608 2.332608 9999.0 9999.0 9999.0 9999.0 9999.0 9999.0 9999.0 5.053984 5.053984 5.053984 5.053984 5.053984 5.053984 5.053984 5.053984 9999.0 9999.0 9999.0 9999.0 9999.0 9999.0 9999.0 4.082064 4.082064 4.082064 4.082064 4.082064 4.082064 4.082064 4.082064
7.9697437 7.9697437 7.9697437 7.9697437 7.9697437 7.9697437 7.9697437 8.5528965 8.5528965 8.5528965 8.5528965 8.5528965 8.5528965 8.5528965 8.5528965 8.358512 8.358512 8.358512 8.358512 8.358512 8.358512 8.358512 8.74728 8.74728 8.74728 8.74728 8.74728 8.74728 8.74728 8.74728 9.330432 9.330432 9.330432 9.330432 9.330432 9.330432 9.330432 9.330432 7.9697437 7.9697437 7.9697437 7.9697437 7.9697437 7.9697437 7.9697437 5.053984 5.053984 5.053984 5.053984 5.053984 5.053984 5.053984 5.053984 5.053984 5.053984 5.053984 5.053984 5.053984 5.053984 5.053984 3.498912 3.498912 3.498912 3.498912 3.498912 3.498912 3.498912 3.498912 9999.0 9999.0 9999.0 9999.0 9999.0 9999.0 9999.0 2.721376 2.721376 2.721376 2.721376 2.721376 2.721376 2.721376 2.721376 1.5550721 1.5550721 1.5550721 1.5550721 1.5550721 1.5550721 1.5550721 1.5550721 1.5550721 1.5550721 1.5550721 1.5550721 1.5550721 1.5550721 1.5550721 1.5550721 1.5550721 1.5550721 1.5550721 1.5550721 1.5550721 1.5550721 2.332608 2.332608 2.332608 2.332608 2.332608 2.332608 2.332608 2.332608 9999.0 9999.0 9999.0 9999.0 9999.0 9999.0 9999.0 5.053984 5.053984 5.053984 5.053984 5.053984 5.053984 5.053984 5.053984 9999.0 9999.0 9999.0 9999.0 9999.0 9999.0 9999.0 4.082064 4.082064 4.082064 4.082064 4.082064 4.082064 4.082064 4.082064
7.9697437 7.9697437 7.9697437 7.9697437 7.9697437 7.9697437 7.9697437 8.5528965 8.5528965 8.5528965 8.5528965 8.5528965 8.5528965 8.5528965 8.5528965 8.358512 8.358512 8.358512 8.358512 8.358512 8.358512 8.358512 8.74728 8.74728 8.74728 8.74728 8.74728 8.74728 8.74728 8.74728 9.330432 9.330432 9.330432 9.330432 9.330432 9.330432 9.330432 9.330432 7.9697437 7.9697437 7.9697437 7.9697437 7.9697437 7.9697437 7.9697437 5.053984 5.053984 5.053984 5.053984 5.053984 5.053984 5.053984 5.053984 5.053984 5.053984 5.053984 5.053984 5.053984 5.053984 5.053984 3.498912 3.498912 3.498912 3.498912 3.498912 3.498912 3.498912 3.498912 9999.0 9999.0 9999.0 9999.0 9999.0 9999.0 9999.0 2.721376 2.721376 2.721376 2.721376 2.721376 2.721376 2.721376 2.721376 1.5550721 1.5550721 1.5550721 1.5550721 1.5550721 1.5550721 1.5550721 1.5550721 1.5550721 1.5550721 1.5550721 1.5550721 1.5550721 1.5550721 1.5550721 1.5550721 1.5550721 1.5550721 1.5550721 1.5550721 1.5550721 1.5550721 2.332608 2.332608 2.332608 2.332608 2.332608 2.332608 2.332608 2.332608 9999.0 9999.0 9999.0 9999.0 9999.0 9999.0 9999.0 5.053984 5.053984 5.053984 5.053984 5.053984 5.053984 5.053984 5.053984 9999.0 9999.0 9999.0 9999.0 9999.0 9999.0 9999.0 4.082064 4.082064 4.082064 4.082064 4.082064 4.082064 4.082064 4.082064
7.9697437 7.9697437 7.9697437 7.9697437 7.9697437 7.9697437 7.9697437 8.5528965 8.5528965 8.5528965 8.5528965 8.5528965 8.5528965 8.5528965 8.5528965 8.358512 8.358512 8.358512 8.358512 8.358512 8.358512 8.358512 8.74728 8.74728 8.74728 8.74728 8.74728 8.74728 8.74728 8.74728 9.330432 9.330432 9.330432 9.330432 9.330432 9.330432 9.330432 9.330432 7.9697437 7.9697437 7.9697437 7.9697437 7.9697437 7.9697437 7.9697437 5.053984 5.053984 5.053984 5.053984 5.053984 5.053984 5.053984 5.053984 5.053984 5.053984 5.053984 5.053984 5.053984 5.053984 5.053984 3.498912 3.498912 3.498912 3.498912 3.498912 3.498912 3.498912 3.498912 9999.0 9999.0 9999.0 9999.0 9999.0 9999.0 9999.0 2.721376 2.721376 2.721376 2.721376 2.721376 2.721376 2.721376 2.721376 1.5550721 1.5550721 1.5550721 1.5550721 1.5550721 1.5550721 1.5550721 1.5550721 1.5550721 1.5550721 1.5550721 1.5550721 1.5550721 1.5550721 1.5550721 1.5550721 1.5550721 1.5550721 1.5550721 1.5550721 1.5550721 1.5550721 2.332608 2.332608 2.332608 2.332608 2.332608 2.332608 2.332608 2.332608 9999.0 9999.0 9999.0 9999.0 9999.0 9999.0 9999.0 5.053984 5.053984 5.053984 5.053984 5.053984 5.053984 5.053984 5.053984 9999.0 9999.0 9999.0 9999.0 9999.0 9999.0 9999.0 4.082064 4.082064 4.082064 4.082064 4.082064 4.082064 4.082064 4.082064
7.9697437 7.9697437 7.9697437 7.9697437 7.9697437 7.9697437 7.9697437 8.5528965 8.5528965 8.5528965 8.5528965 8.5528965 8.5528965 8.5528965 8.5528965 8.358512 8.358512 8.358512 8.358512 8.358512 8.358512 8.358512 8.74728 8.74728 8.74728 8.74728 8.74728 8.74728 8.74728 8.74728 9.330432 9.330432 9.330432 9.330432 9.330432 9.330432 9.330432 9.330432 7.9697437 7.9697437 7.9697437 7.9697437 7.9697437 7.9697437 7.9697437 5.053984 5.053984 5.053984 5.053984 5.053984 5.053984 5.053984 5.053984 5.053984 5.053984 5.053984 5.053984 5.053984 5.053984 5.053984 3.498912 3.498912 3.498912 3.498912 3.498912 3.498912 3.498912 3.498912 9999.0 9999.0 9999.0 9999.0 9999.0 9999.0 9999.0 2.721376 2.721376 2.721376 2.721376 2.721376 2.721376 2.721376 2.721376 1.5550721 1.5550721 1.5550721 1.5550721 1.5550721 1.5550721 1.5550721 1.5550721 1.5550721 1.5550721 1.5550721 1.5550721 1.5550721 1.5550721 1.5550721 1.5550721 1.5550721 1.5550721 1.5550721 1.5550721 1.5550721 1.5550721 2.332608 2.332608 2.332608 2.332608 2.332608 2.332608 2.332608 2.332608 9999.0 9999.0 9999.0 9999.0 9999.0 9999.0 9999.0 5.053984 5.053984 5.053984 5.053984 5.053984 5.053984 5.053984 5.053984 9999.0 9999.0 9999.0 9999.0 9999.0 9999.0 9999.0 4.082064 4.082064 4.082064 4.082064 4.082064 4.082064 4.082064 4.082064
7.9697437 7.9697437 7.9697437 7.9697437 7.9697437 7.9697437 7.9697437 8.5528965 8.5528965 8.5528965 8.5528965 8.5528965 8.5528965 8.5528965 8.5528965 8.358512 8.358512 8.358512 8.358512 8.358512 8.358512 8.358512 8.74728 8.74728 8.74728 8.74728 8.74728 8.74728 8.74728 8.74728 9.330432 9.330432 9.330432 9.330432 9.330432 9.330432 9.330432 9.330432 7.9697437 7.9697437 7.9697437 7.9697437 7.9697437 7.9697437 7.9697437 5.053984 5.053984 5.053984 5.053984 5.053984 5.053984 5.053984 5.053984 5.053984 5.053984 5.053984 5.053984 5.053984 5.053984 5.053984 3.498912 3.498912 3.498912 3.498912 3.498912 3.498912 3.498912 3.498912 9999.0 9999.0 9999.0 9999.0 9999.0 9999.0 9999.0 2.721376 2.721376 2.721376 2.721376 2.721376 2.721376 2.721376 2.721376 1.5550721 1.5550721 1.5550721 1.5550721 1.5550721 1.5550721 1.5550721 1.5550721 1.5550721 1.5550721 1.5550721 1.5550721 1.5550721 1.5550721 1.5550721 1.5550721 1.5550721 1.5550721 1.5550721 1.5550721 1.5550721 1.5550721 2.332608 2.332608 2.332608 2.332608 2.332608 2.332608 2.332608 2.332608 9999.0 9999.0 9999.0 9999.0 9999.0 9999.0 9999.0 5.053984 5.053984 5.053984 5.053984 5.053984 5.053984 5.053984 5.053984 9999.0 9999.0 9999.0 9999.0 9999.0 9999.0 9999.0 4.082064 4.082064 4.082064 4.082064 4.082064 4.082064 4.082064 4.082064
7.9697437 7.9697437 7.9697437 7.9697437 7.9697437 7.9697437 7.9697437 8.5528965 8.5528965 8.5528965 8.5528965 8.5528965 8.5528965 8.5528965 8.5528965 8.358512 8.358512 8.358512 8.358512 8.358512 8.358512 8.358512 8.74728 8.74728 8.74728 8.74728 8.74728 8.74728 8.74728 8.74728 9.330432 9.330432 9.330432 9.330432 9.330432 9.330432 9.330432 9.330432 7.9697437 7.9697437 7.9697437 7.9697437 7.9697437 7.9697437 7.9697437 5.053984 5.053984 5.053984 5.053984 5.053984 5.053984 5.053984 5.053984 5.053984 5.053984 5.053984 5.053984 5.053984 5.053984 5.053984 3.498912 3.498912 3.498912 3.498912 3.498912 3.498912 3.498912 3.498912 9999.0 9999.0 9999.0 9999.0 9999.0 9999.0 9999.0 2.721376 2.721376 2.721376 2.721376 2.721376 2.721376 2.721376 2.721376 1.5550721 1.5550721 1.5550721 1.5550721 1.5550721 1.5550721 1.5550721 1.5550721 1.5550721 1.5550721 1.5550721 1.5550721 1.5550721 1.5550721 1.5550721 1.5550721 1.5550721 1.5550721 1.5550721 1.5550721 1.5550721 1.5550721 2.332608 2.332608 2.332608 2.332608 2.332608 2.332608 2.332608 2.332608 9999.0 9999.0 9999.0 9999.0 9999.0 9999.0 9999.0 5.053984 5.053984 5.053984 5.053984 5.053984 5.053984 5.053984 5.053984 9999.0 9999.0 9999.0 9999.0 9999.0 9999.0 9999.0 4.082064 4.082064 4.082064 4.082064 4.082064 4.082064 4.082064 4.082064
Band 1:
170.0 170.0 170.0 170.0 170.0 170.0 170.0 180.0 180.0 180.0 180.0 180.0 180.0 180.0 180.0 190.0 190.0 190.0 190.0 190.0 190.0 190.0 190.0 190.0 190.0 190.0 190.0 190.0 190.0 190.0 180.0 180.0 180.0 180.0 180.0 180.0 180.0 180.0 160.0 160.0 160.0 160.0 160.0 160.0 160.0 100.0 100.0 100.0 100.0 100.0 100.0 100.0 100.0 60.0 60.0 60.0 60.0 60.0 60.0 60.0 50.0 50.0 50.0 50.0 50.0 50.0 50.0 50.0 50.0 50.0 50.0 50.0 50.0 50.0 50.0 110.0 110.0 110.0 110.0 110.0 110.0 110.0 110.0 130.0 130.0 130.0 130.0 130.0 130.0 130.0 140.0 140.0 140.0 140.0 140.0 140.0 140.0 140.0 140.0 140.0 140.0 140.0 140.0 140.0 140.0 140.0 140.0 140.0 140.0 140.0 140.0 140.0 140.0 160.0 160.0 160.0 160.0 160.0 160.0 160.0 190.0 190.0 190.0 190.0 190.0 190.0 190.0 190.0 230.0 230.0 230.0 230.0 230.0 230.0 230.0 240.0 240.0 240.0 240.0 240.0 240.0 240.0 240.0
170.0 170.0 170.0 170.0 170.0 170.0 170.0 180.0 180.0 180.0 180.0 180.0 180.0 180.0 180.0 190.0 190.0 190.0 190.0 190.0 190.0 190.0 190.0 190.0 190.0 190.0 190.0 190.0 190.0 190.0 180.0 180.0 180.0 180.0 180.0 180.0 180.0 180.0 160.0 160.0 160.0 160.0 160.0 160.0 160.0 100.0 100.0 100.0 100.0 100.0 100.0 100.0 100.0 60.0 60.0 60.0 60.0 60.0 60.0 60.0 50.0 50.0 50.0 50.0 50.0 50.0 50.0 50.0 50.0 50.0 50.0 50.0 50.0 50.0 50.0 110.0 110.0 110.0 110.0 110.0 110.0 110.0 110.0 130.0 130.0 130.0 130.0 130.0 130.0 130.0 140.0 140.0 140.0 140.0 140.0 140.0 140.0 140.0 140.0 140.0 140.0 140.0 140.0 140.0 140.0 140.0 140.0 140.0 140.0 140.0 140.0 140.0 140.0 160.0 160.0 160.0 160.0 160.0 160.0 160.0 190.0 190.0 190.0 190.0 190.0 190.0 190.0 190.0 230.0 230.0 230.0 230.0 230.0 230.0 230.0 240.0 240.0 240.0 240.0 240.0 240.0 240.0 240.0
170.0 170.0 170.0 170.0 170.0 170.0 170.0 180.0 180.0 180.0 180.0 180.0 180.0 180.0 180.0 190.0 190.0 190.0 190.0 190.0 190.0 190.0 190.0 190.0 190.0 190.0 190.0 190.0 190.0 190.0 180.0 180.0 180.0 180.0 180.0 180.0 180.0 180.0 160.0 160.0 160.0 160.0 160.0 160.0 160.0 100.0 100.0 100.0 100.0 100.0 100.0 100.0 100.0 60.0 60.0 60.0 60.0 60.0 60.0 60.0 50.0 50.0 50.0 50.0 50.0 50.0 50.0 50.0 50.0 50.0 50.0 50.0 50.0 50.0 50.0 110.0 110.0 110.0 110.0 110.0 110.0 110.0 110.0 130.0 130.0 130.0 130.0 130.0 130.0 130.0 140.0 140.0 140.0 140.0 140.0 140.0 140.0 140.0 140.0 140.0 140.0 140.0 140.0 140.0 140.0 140.0 140.0 140.0 140.0 140.0 140.0 140.0 140.0 160.0 160.0 160.0 160.0 160.0 160.0 160.0 190.0 190.0 190.0 190.0 190.0 190.0 190.0 190.0 230.0 230.0 230.0 230.0 230.0 230.0 230.0 240.0 240.0 240.0 240.0 240.0 240.0 240.0 240.0
170.0 170.0 170.0 170.0 170.0 170.0 170.0 180.0 180.0 180.0 180.0 180.0 180.0 180.0 180.0 190.0 190.0 190.0 190.0 190.0 190.0 190.0 190.0 190.0 190.0 190.0 190.0 190.0 190.0 190.0 180.0 180.0 180.0 180.0 180.0 180.0 180.0 180.0 160.0 160.0 160.0 160.0 160.0 160.0 160.0 100.0 100.0 100.0 100.0 100.0 100.0 100.0 100.0 60.0 60.0 60.0 60.0 60.0 60.0 60.0 50.0 50.0 50.0 50.0 50.0 50.0 50.0 50.0 50.0 50.0 50.0 50.0 50.0 50.0 50.0 110.0 110.0 110.0 110.0 110.0 110.0 110.0 110.0 130.0 130.0 130.0 130.0 130.0 130.0 130.0 140.0 140.0 140.0 140.0 140.0 140.0 140.0 140.0 140.0 140.0 140.0 140.0 140.0 140.0 140.0 140.0 140.0 140.0 140.0 140.0 140.0 140.0 140.0 160.0 160.0 160.0 160.0 160.0 160.0 160.0 190.0 190.0 190.0 190.0 190.0 190.0 190.0 190.0 230.0 230.0 230.0 230.0 230.0 230.0 230.0 240.0 240.0 240.0 240.0 240.0 240.0 240.0 240.0
170.0 170.0 170.0 170.0 170.0 170.0 170.0 180.0 180.0 180.0 180.0 180.0 180.0 180.0 180.0 190.0 190.0 190.0 190.0 190.0 190.0 190.0 190.0 190.0 190.0 190.0 190.0 190.0 190.0 190.0 180.0 180.0 180.0 180.0 180.0 180.0 180.0 180.0 160.0 160.0 160.0 160.0 160.0 160.0 160.0 100.0 100.0 100.0 100.0 100.0 100.0 100.0 100.0 60.0 60.0 60.0 60.0 60.0 60.0 60.0 50.0 50.0 50.0 50.0 50.0 50.0 50.0 50.0 50.0 50.0 50.0 50.0 50.0 50.0 50.0 110.0 110.0 110.0 110.0 110.0 110.0 110.0 110.0 130.0 130.0 130.0 130.0 130.0 130.0 130.0 140.0 140.0 140.0 140.0 140.0 140.0 140.0 140.0 140.0 140.0 140.0 140.0 140.0 140.0 140.0 140.0 140.0 140.0 140.0 140.0 140.0 140.0 140.0 160.0 160.0 160.0 160.0 160.0 160.0 160.0 190.0 190.0 190.0 190.0 190.0 190.0 190.0 190.0 230.0 230.0 230.0 230.0 230.0 230.0 230.0 240.0 240.0 240.0 240.0 240.0 240.0 240.0 240.0
170.0 170.0 170.0 170.0 170.0 170.0 170.0 180.0 180.0 180.0 180.0 180.0 180.0 180.0 180.0 190.0 190.0 190.0 190.0 190.0 190.0 190.0 190.0 190.0 190.0 190.0 190.0 190.0 190.0 190.0 180.0 180.0 180.0 180.0 180.0 180.0 180.0 180.0 160.0 160.0 160.0 160.0 160.0 160.0 160.0 100.0 100.0 100.0 100.0 100.0 100.0 100.0 100.0 60.0 60.0 60.0 60.0 60.0 60.0 60.0 50.0 50.0 50.0 50.0 50.0 50.0 50.0 50.0 50.0 50.0 50.0 50.0 50.0 50.0 50.0 110.0 110.0 110.0 110.0 110.0 110.0 110.0 110.0 130.0 130.0 130.0 130.0 130.0 130.0 130.0 140.0 140.0 140.0 140.0 140.0 140.0 140.0 140.0 140.0 140.0 140.0 140.0 140.0 140.0 140.0 140.0 140.0 140.0 140.0 140.0 140.0 140.0 140.0 160.0 160.0 160.0 160.0 160.0 160.0 160.0 190.0 190.0 190.0 190.0 190.0 190.0 190.0 190.0 230.0 230.0 230.0 230.0 230.0 230.0 230.0 240.0 240.0 240.0 240.0 240.0 240.0 240.0 240.0
170.0 170.0 170.0 170.0 170.0 170.0 170.0 180.0 180.0 180.0 180.0 180.0 180.0 180.0 180.0 190.0 190.0 190.0 190.0 190.0 190.0 190.0 190.0 190.0 190.0 190.0 190.0 190.0 190.0 190.0 180.0 180.0 180.0 180.0 180.0 180.0 180.0 180.0 160.0 160.0 160.0 160.0 160.0 160.0 160.0 100.0 100.0 100.0 100.0 100.0 100.0 100.0 100.0 60.0 60.0 60.0 60.0 60.0 60.0 60.0 50.0 50.0 50.0 50.0 50.0 50.0 50.0 50.0 50.0 50.0 50.0 50.0 50.0 50.0 50.0 110.0 110.0 110.0 110.0 110.0 110.0 110.0 110.0 130.0 130.0 130.0 130.0 130.0 130.0 130.0 140.0 140.0 140.0 140.0 140.0 140.0 140.0 140.0 140.0 140.0 140.0 140.0 140.0 140.0 140.0 140.0 140.0 140.0 140.0 140.0 140.0 140.0 140.0 160.0 160.0 160.0 160.0 160.0 160.0 160.0 190.0 190.0 190.0 190.0 190.0 190.0 190.0 190.0 230.0 230.0 230.0 230.0 230.0 230.0 230.0 240.0 240.0 240.0 240.0 240.0 240.0 240.0 240.0
160.0 160.0 160.0 160.0 160.0 160.0 160.0 170.0 170.0 170.0 170.0 170.0 170.0 170.0 170.0 190.0 190.0 190.0 190.0 190.0 190.0 190.0 200.0 200.0 200.0 200.0 200.0 200.0 200.0 200.0 210.0 210.0 210.0 210.0 210.0 210.0 210.0 210.0 210.0 210.0 210.0 210.0 210.0 210.0 210.0 200.0 200.0 200.0 200.0 200.0 200.0 200.0 200.0 140.0 140.0 140.0 140.0 140.0 140.0 140.0 70.0 70.0 70.0 70.0 70.0 70.0 70.0 70.0 70.0 70.0 70.0 70.0 70.0 70.0 70.0 120.0 120.0 120.0 120.0 120.0 120.0 120.0 120.0 150.0 150.0 150.0 150.0 150.0 150.0 150.0 150.0 150.0 150.0 150.0 150.0 150.0 150.0 150.0 150.0 150.0 150.0 150.0 150.0 150.0 150.0 160.0 160.0 160.0 160.0 160.0 160.0 160.0 160.0 180.0 180.0 180.0 180.0 180.0 180.0 180.0 240.0 240.0 240.0 240.0 240.0 240.0 240.0 240.0 240.0 240.0 240.0 240.0 240.0 240.0 240.0 250.0 250.0 250.0 250.0 250.0 250.0 250.0 250.0
160.0 160.0 160.0 160.0 160.0 160.0 160.0 170.0 170.0 170.0 170.0 170.0 170.0 170.0 170.0 190.0 190.0 190.0 190.0 190.0 190.0 190.0 200.0 200.0 200.0 200.0 200.0 200.0 200.0 200.0 210.0 210.0 210.0 210.0 210.0 210.0 210.0 210.0 210.0 210.0 210.0 210.0 210.0 210.0 210.0 200.0 200.0 200.0 200.0 200.0 200.0 200.0 200.0 140.0 140.0 140.0 140.0 140.0 140.0 140.0 70.0 70.0 70.0 70.0 70.0 70.0 70.0 70.0 70.0 70.0 70.0 70.0 70.0 70.0 70.0 120.0 120.0 120.0 120.0 120.0 120.0 120.0 120.0 150.0 150.0 150.0 150.0 150.0 150.0 150.0 150.0 150.0 150.0 150.0 150.0 150.0 150.0 150.0 150.0 150.0 150.0 150.0 150.0 150.0 150.0 160.0 160.0 160.0 160.0 160.0 160.0 160.0 160.0 180.0 180.0 180.0 180.0 180.0 180.0 180.0 240.0 240.0 240.0 240.0 240.0 240.0 240.0 240.0 240.0 240.0 240.0 240.0 240.0 240.0 240.0 250.0 250.0 250.0 250.0 250.0 250.0 250.0 250.0
160.0 160.0 160.0 160.0 160.0 160.0 160.0 170.0 170.0 170.0 170.0 170.0 170.0 170.0 170.0 190.0 190.0 190.0 190.0 190.0 190.0 190.0 200.0 200.0 200.0 200.0 200.0 200.0 200.0 200.0 210.0 210.0 210.0 210.0 210.0 210.0 210.0 210.0 210.0 210.0 210.0 210.0 210.0 210.0 210.0 200.0 200.0 200.0 200.0 200.0 200.0 200.0 200.0 140.0 140.0 140.0 140.0 140.0 140.0 140.0 70.0 70.0 70.0 70.0 70.0 70.0 70.0 70.0 70.0 70.0 70.0 70.0 70.0 70.0 70.0 120.0 120.0 120.0 120.0 120.0 120.0 120.0 120.0 150.0 150.0 150.0 150.0 150.0 150.0 150.0 150.0 150.0 150.0 150.0 150.0 150.0 150.0 150.0 150.0 150.0 150.0 150.0 150.0 150.0 150.0 160.0 160.0 160.0 160.0 160.0 160.0 160.0 160.0 180.0 180.0 180.0 180.0 180.0 180.0 180.0 240.0 240.0 240.0 240.0 240.0 240.0 240.0 240.0 240.0 240.0 240.0 240.0 240.0 240.0 240.0 250.0 250.0 250.0 250.0 250.0 250.0 250.0 250.0
160.0 160.0 160.0 160.0 160.0 160.0 160.0 170.0 170.0 170.0 170.0 170.0 170.0 170.0 170.0 190.0 190.0 190.0 190.0 190.0 190.0 190.0 200.0 200.0 200.0 200.0 200.0 200.0 200.0 200.0 210.0 210.0 210.0 210.0 210.0 210.0 210.0 210.0 210.0 210.0 210.0 210.0 210.0 210.0 210.0 200.0 200.0 200.0 200.0 200.0 200.0 200.0 200.0 140.0 140.0 140.0 140.0 140.0 140.0 140.0 70.0 70.0 70.0 70.0 70.0 70.0 70.0 70.0 70.0 70.0 70.0 70.0 70.0 70.0 70.0 120.0 120.0 120.0 120.0 120.0 120.0 120.0 120.0 150.0 150.0 150.0 150.0 150.0 150.0 150.0 150.0 150.0 150.0 150.0 150.0 150.0 150.0 150.0 150.0 150.0 150.0 150.0 150.0 150.0 150.0 160.0 160.0 160.0 160.0 160.0 160.0 160.0 160.0 180.0 180.0 180.0 180.0 180.0 180.0 180.0 240.0 240.0 240.0 240.0 240.0 240.0 240.0 240.0 240.0 240.0 240.0 240.0 240.0 240.0 240.0 250.0 250.0 250.0 250.0 250.0 250.0 250.0 250.0
160.0 160.0 160.0 160.0 160.0 160.0 160.0 170.0 170.0 170.0 170.0 170.0 170.0 170.0 170.0 190.0 190.0 190.0 190.0 190.0 190.0 190.0 200.0 200.0 200.0 200.0 200.0 200.0 200.0 200.0 210.0 210.0 210.0 210.0 210.0 210.0 210.0 210.0 210.0 210.0 210.0 210.0 210.0 210.0 210.0 200.0 200.0 200.0 200.0 200.0 200.0 200.0 200.0 140.0 140.0 140.0 140.0 140.0 140.0 140.0 70.0 70.0 70.0 70.0 70.0 70.0 70.0 70.0 70.0 70.0 70.0 70.0 70.0 70.0 70.0 120.0 120.0 120.0 120.0 120.0 120.0 120.0 120.0 150.0 150.0 150.0 150.0 150.0 150.0 150.0 150.0 150.0 150.0 150.0 150.0 150.0 150.0 150.0 150.0 150.0 150.0 150.0 150.0 150.0 150.0 160.0 160.0 160.0 160.0 160.0 160.0 160.0 160.0 180.0 180.0 180.0 180.0 180.0 180.0 180.0 240.0 240.0 240.0 240.0 240.0 240.0 240.0 240.0 240.0 240.0 240.0 240.0 240.0 240.0 240.0 250.0 250.0 250.0 250.0 250.0 250.0 250.0 250.0
160.0 160.0 160.0 160.0 160.0 160.0 160.0 170.0 170.0 170.0 170.0 170.0 170.0 170.0 170.0 190.0 190.0 190.0 190.0 190.0 190.0 190.0 200.0 200.0 200.0 200.0 200.0 200.0 200.0 200.0 210.0 210.0 210.0 210.0 210.0 210.0 210.0 210.0 210.0 210.0 210.0 210.0 210.0 210.0 210.0 200.0 200.0 200.0 200.0 200.0 200.0 200.0 200.0 140.0 140.0 140.0 140.0 140.0 140.0 140.0 70.0 70.0 70.0 70.0 70.0 70.0 70.0 70.0 70.0 70.0 70.0 70.0 70.0 70.0 70.0 120.0 120.0 120.0 120.0 120.0 120.0 120.0 120.0 150.0 150.0 150.0 150.0 150.0 150.0 150.0 150.0 150.0 150.0 150.0 150.0 150.0 150.0 150.0 150.0 150.0 150.0 150.0 150.0 150.0 150.0 160.0 160.0 160.0 160.0 160.0 160.0 160.0 160.0 180.0 180.0 180.0 180.0 180.0 180.0 180.0 240.0 240.0 240.0 240.0 240.0 240.0 240.0 240.0 240.0 240.0 240.0 240.0 240.0 240.0 240.0 250.0 250.0 250.0 250.0 250.0 250.0 250.0 250.0
160.0 160.0 160.0 160.0 160.0 160.0 160.0 170.0 170.0 170.0 170.0 170.0 170.0 170.0 170.0 190.0 190.0 190.0 190.0 190.0 190.0 190.0 200.0 200.0 200.0 200.0 200.0 200.0 200.0 200.0 210.0 210.0 210.0 210.0 210.0 210.0 210.0 210.0 210.0 210.0 210.0 210.0 210.0 210.0 210.0 200.0 200.0 200.0 200.0 200.0 200.0 200.0 200.0 140.0 140.0 140.0 140.0 140.0 140.0 140.0 70.0 70.0 70.0 70.0 70.0 70.0 70.0 70.0 70.0 70.0 70.0 70.0 70.0 70.0 70.0 120.0 120.0 120.0 120.0 120.0 120.0 120.0 120.0 150.0 150.0 150.0 150.0 150.0 150.0 150.0 150.0 150.0 150.0 150.0 150.0 150.0 150.0 150.0 150.0 150.0 150.0 150.0 150.0 150.0 150.0 160.0 160.0 160.0 160.0 160.0 160.0 160.0 160.0 180.0 180.0 180.0 180.0 180.0 180.0 180.0 240.0 240.0 240.0 240.0 240.0 240.0 240.0 240.0 240.0 240.0 240.0 240.0 240.0 240.0 240.0 250.0 250.0 250.0 250.0 250.0 250.0 250.0 250.0
140.0 140.0 140.0 140.0 140.0 140.0 140.0 160.0 160.0 160.0 160.0 160.0 160.0 160.0 160.0 170.0 170.0 170.0 170.0 170.0 170.0 170.0 200.0 200.0 200.0 200.0 200.0 200.0 200.0 200.0 210.0 210.0 210.0 210.0 210.0 210.0 210.0 210.0 210.0 210.0 210.0 210.0 210.0 210.0 210.0 210.0 210.0 210.0 210.0 210.0 210.0 210.0 210.0 210.0 210.0 210.0 210.0 210.0 210.0 210.0 200.0 200.0 200.0 200.0 200.0 200.0 200.0 200.0 190.0 190.0 190.0 190.0 190.0 190.0 190.0 150.0 150.0 150.0 150.0 150.0 150.0 150.0 150.0 160.0 160.0 160.0 160.0 160.0 160.0 160.0 180.0 180.0 180.0 180.0 180.0 180.0 180.0 180.0 180.0 180.0 180.0 180.0 180.0 180.0 180.0 180.0 180.0 180.0 180.0 180.0 180.0 180.0 180.0 200.0 200.0 200.0 200.0 200.0 200.0 200.0 210.0 210.0 210.0 210.0 210.0 210.0 210.0 210.0 220.0 220.0 220.0 220.0 220.0 220.0 220.0 240.0 240.0 240.0 240.0 240.0 240.0 240.0 240.0
140.0 140.0 140.0 140.0 140.0 140.0 140.0 160.0 160.0 160.0 160.0 160.0 160.0 160.0 160.0 170.0 170.0 170.0 170.0 170.0 170.0 170.0 200.0 200.0 200.0 200.0 200.0 200.0 200.0 200.0 210.0 210.0 210.0 210.0 210.0 210.0 210.0 210.0 210.0 210.0 210.0 210.0 210.0 210.0 210.0 210.0 210.0 210.0 210.0 210.0 210.0 210.0 210.0 210.0 210.0 210.0 210.0 210.0 210.0 210.0 200.0 200.0 200.0 200.0 200.0 200.0 200.0 200.0 190.0 190.0 190.0 190.0 190.0 190.0 190.0 150.0 150.0 150.0 150.0 150.0 150.0 150.0 150.0 160.0 160.0 160.0 160.0 160.0 160.0 160.0 180.0 180.0 180.0 180.0 180.0 180.0 180.0 180.0 180.0 180.0 180.0 180.0 180.0 180.0 180.0 180.0 180.0 180.0 180.0 180.0 180.0 180.0 180.0 200.0 200.0 200.0 200.0 200.0 200.0 200.0 210.0 210.0 210.0 210.0 210.0 210.0 210.0 210.0 220.0 220.0 220.0 220.0 220.0 220.0 220.0 240.0 240.0 240.0 240.0 240.0 240.0 240.0 240.0
140.0 140.0 140.0 140.0 140.0 140.0 140.0 160.0 160.0 160.0 160.0 160.0 160.0 160.0 160.0 170.0 170.0 170.0 170.0 170.0 170.0 170.0 200.0 200.0 200.0 200.0 200.0 200.0 200.0 200.0 210.0 210.0 210.0 210.0 210.0 210.0 210.0 210.0 210.0 210.0 210.0 210.0 210.0 210.0 210.0 210.0 210.0 210.0 210.0 210.0 210.0 210.0 210.0 210.0 210.0 210.0 210.0 210.0 210.0 210.0 200.0 200.0 200.0 200.0 200.0 200.0 200.0 200.0 190.0 190.0 190.0 190.0 190.0 190.0 190.0 150.0 150.0 150.0 150.0 150.0 150.0 150.0 150.0 160.0 160.0 160.0 160.0 160.0 160.0 160.0 180.0 180.0 180.0 180.0 180.0 180.0 180.0 180.0 180.0 180.0 180.0 180.0 180.0 180.0 180.0 180.0 180.0 180.0 180.0 180.0 180.0 180.0 180.0 200.0 200.0 200.0 200.0 200.0 200.0 200.0 210.0 210.0 210.0 210.0 210.0 210.0 210.0 210.0 220.0 220.0 220.0 220.0 220.0 220.0 220.0 240.0 240.0 240.0 240.0 240.0 240.0 240.0 240.0
140.0 140.0 140.0 140.0 140.0 140.0 140.0 160.0 160.0 160.0 160.0 160.0 160.0 160.0 160.0 170.0 170.0 170.0 170.0 170.0 170.0 170.0 200.0 200.0 200.0 200.0 200.0 200.0 200.0 200.0 210.0 210.0 210.0 210.0 210.0 210.0 210.0 210.0 210.0 210.0 210.0 210.0 210.0 210.0 210.0 210.0 210.0 210.0 210.0 210.0 210.0 210.0 210.0 210.0 210.0 210.0 210.0 210.0 210.0 210.0 200.0 200.0 200.0 200.0 200.0 200.0 200.0 200.0 190.0 190.0 190.0 190.0 190.0 190.0 190.0 150.0 150.0 150.0 150.0 150.0 150.0 150.0 150.0 160.0 160.0 160.0 160.0 160.0 160.0 160.0 180.0 180.0 180.0 180.0 180.0 180.0 180.0 180.0 180.0 180.0 180.0 180.0 180.0 180.0 180.0 180.0 180.0 180.0 180.0 180.0 180.0 180.0 180.0 200.0 200.0 200.0 200.0 200.0 200.0 200.0 210.0 210.0 210.0 210.0 210.0 210.0 210.0 210.0 220.0 220.0 220.0 220.0 220.0 220.0 220.0 240.0 240.0 240.0 240.0 240.0 240.0 240.0 240.0
140.0 140.0 140.0 140.0 140.0 140.0 140.0 160.0 160.0 160.0 160.0 160.0 160.0 160.0 160.0 170.0 170.0 170.0 170.0 170.0 170.0 170.0 200.0 200.0 200.0 200.0 200.0 200.0 200.0 200.0 210.0 210.0 210.0 210.0 210.0 210.0 210.0 210.0 210.0 210.0 210.0 210.0 210.0 210.0 210.0 210.0 210.0 210.0 210.0 210.0 210.0 210.0 210.0 210.0 210.0 210.0 210.0 210.0 210.0 210.0 200.0 200.0 200.0 200.0 200.0 200.0 200.0 200.0 190.0 190.0 190.0 190.0 190.0 190.0 190.0 150.0 150.0 150.0 150.0 150.0 150.0 150.0 150.0 160.0 160.0 160.0 160.0 160.0 160.0 160.0 180.0 180.0 180.0 180.0 180.0 180.0 180.0 180.0 180.0 180.0 180.0 180.0 180.0 180.0 180.0 180.0 180.0 180.0 180.0 180.0 180.0 180.0 180.0 200.0 200.0 200.0 200.0 200.0 200.0 200.0 210.0 210.0 210.0 210.0 210.0 210.0 210.0 210.0 220.0 220.0 220.0 220.0 220.0 220.0 220.0 240.0 240.0 240.0 240.0 240.0 240.0 240.0 240.0
140.0 140.0 140.0 140.0 140.0 140.0 140.0 160.0 160.0 160.0 160.0 160.0 160.0 160.0 160.0 170.0 170.0 170.0 170.0 170.0 170.0 170.0 200.0 200.0 200.0 200.0 200.0 200.0 200.0 200.0 210.0 210.0 210.0 210.0 210.0 210.0 210.0 210.0 210.0 210.0 210.0 210.0 210.0 210.0 210.0 210.0 210.0 210.0 210.0 210.0 210.0 210.0 210.0 210.0 210.0 210.0 210.0 210.0 210.0 210.0 200.0 200.0 200.0 200.0 200.0 200.0 200.0 200.0 190.0 190.0 190.0 190.0 190.0 190.0 190.0 150.0 150.0 150.0 150.0 150.0 150.0 150.0 150.0 160.0 160.0 160.0 160.0 160.0 160.0 160.0 180.0 180.0 180.0 180.0 180.0 180.0 180.0 180.0 180.0 180.0 180.0 180.0 180.0 180.0 180.0 180.0 180.0 180.0 180.0 180.0 180.0 180.0 180.0 200.0 200.0 200.0 200.0 200.0 200.0 200.0 210.0 210.0 210.0 210.0 210.0 210.0 210.0 210.0 220.0 220.0 220.0 220.0 220.0 220.0 220.0 240.0 240.0 240.0 240.0 240.0 240.0 240.0 240.0
140.0 140.0 140.0 140.0 140.0 140.0 140.0 160.0 160.0 160.0 160.0 160.0 160.0 160.0 160.0 170.0 170.0 170.0 170.0 170.0 170.0 170.0 200.0 200.0 200.0 200.0 200.0 200.0 200.0 200.0 210.0 210.0 210.0 210.0 210.0 210.0 210.0 210.0 210.0 210.0 210.0 210.0 210.0 210.0 210.0 210.0 210.0 210.0 210.0 210.0 210.0 210.0 210.0 210.0 210.0 210.0 210.0 210.0 210.0 210.0 200.0 200.0 200.0 200.0 200.0 200.0 200.0 200.0 190.0 190.0 190.0 190.0 190.0 190.0 190.0 150.0 150.0 150.0 150.0 150.0 150.0 150.0 150.0 160.0 160.0 160.0 160.0 160.0 160.0 160.0 180.0 180.0 180.0 180.0 180.0 180.0 180.0 180.0 180.0 180.0 180.0 180.0 180.0 180.0 180.0 180.0 180.0 180.0 180.0 180.0 180.0 180.0 180.0 200.0 200.0 200.0 200.0 200.0 200.0 200.0 210.0 210.0 210.0 210.0 210.0 210.0 210.0 210.0 220.0 220.0 220.0 220.0 220.0 220.0 220.0 240.0 240.0 240.0 240.0 240.0 240.0 240.0 240.0
140.0 140.0 140.0 140.0 140.0 140.0 140.0 160.0 160.0 160.0 160.0 160.0 160.0 160.0 160.0 170.0 170.0 170.0 170.0 170.0 170.0 170.0 200.0 200.0 200.0 200.0 200.0 200.0 200.0 200.0 210.0 210.0 210.0 210.0 210.0 210.0 210.0 210.0 210.0 210.0 210.0 210.0 210.0 210.0 210.0 210.0 210.0 210.0 210.0 210.0 210.0 210.0 210.0 210.0 210.0 210.0 210.0 210.0 210.0 210.0 200.0 200.0 200.0 200.0 200.0 200.0 200.0 200.0 190.0 190.0 190.0 190.0 190.0 190.0 190.0 150.0 150.0 150.0 150.0 150.0 150.0 150.0 150.0 160.0 160.0 160.0 160.0 160.0 160.0 160.0 180.0 180.0 180.0 180.0 180.0 180.0 180.0 180.0 180.0 180.0 180.0 180.0 180.0 180.0 180.0 180.0 180.0 180.0 180.0 180.0 180.0 180.0 180.0 200.0 200.0 200.0 200.0 200.0 200.0 200.0 210.0 210.0 210.0 210.0 210.0 210.0 210.0 210.0 220.0 220.0 220.0 220.0 220.0 220.0 220.0 240.0 240.0 240.0 240.0 240.0 240.0 240.0 240.0
130.0 130.0 130.0 130.0 130.0 130.0 130.0 130.0 130.0 130.0 130.0 130.0 130.0 130.0 130.0 160.0 160.0 160.0 160.0 160.0 160.0 160.0 180.0 180.0 180.0 180.0 180.0 180.0 180.0 180.0 190.0 190.0 190.0 190.0 190.0 190.0 190.0 190.0 200.0 200.0 200.0 200.0 200.0 200.0 200.0 200.0 200.0 200.0 200.0 200.0 200.0 200.0 200.0 200.0 200.0 200.0 200.0 200.0 200.0 200.0 200.0 200.0 200.0 200.0 200.0 200.0 200.0 200.0 200.0 200.0 200.0 200.0 200.0 200.0 200.0 220.0 220.0 220.0 220.0 220.0 220.0 220.0 220.0 160.0 160.0 160.0 160.0 160.0 160.0 160.0 180.0 180.0 180.0 180.0 180.0 180.0 180.0 180.0 180.0 180.0 180.0 180.0 180.0 180.0 180.0 180.0 180.0 180.0 180.0 180.0 180.0 180.0 180.0 190.0 190.0 190.0 190.0 190.0 190.0 190.0 190.0 190.0 190.0 190.0 190.0 190.0 190.0 190.0 210.0 210.0 210.0 210.0 210.0 210.0 210.0 220.0 220.0 220.0 220.0 220.0 220.0 220.0 220.0
130.0 130.0 130.0 130.0 130.0 130.0 130.0 130.0 130.0 130.0 130.0 130.0 130.0 130.0 130.0 160.0 160.0 160.0 160.0 160.0 160.0 160.0 180.0 180.0 180.0 180.0 180.0 180.0 180.0 180.0 190.0 190.0 190.0 190.0 190.0 190.0 190.0 190.0 200.0 200.0 200.0 200.0 200.0 200.0 200.0 200.0 200.0 200.0 200.0 200.0 200.0 200.0 200.0 200.0 200.0 200.0 200.0 200.0 200.0 200.0 200.0 200.0 200.0 200.0 200.0 200.0 200.0 200.0 200.0 200.0 200.0 200.0 200.0 200.0 200.0 220.0 220.0 220.0 220.0 220.0 220.0 220.0 220.0 160.0 160.0 160.0 160.0 160.0 160.0 160.0 180.0 180.0 180.0 180.0 180.0 180.0 180.0 180.0 180.0 180.0 180.0 180.0 180.0 180.0 180.0 180.0 180.0 180.0 180.0 180.0 180.0 180.0 180.0 190.0 190.0 190.0 190.0 190.0 190.0 190.0 190.0 190.0 190.0 190.0 190.0 190.0 190.0 190.0 210.0 210.0 210.0 210.0 210.0 210.0 210.0 220.0 220.0 220.0 220.0 220.0 220.0 220.0 220.0
130.0 130.0 130.0 130.0 130.0 130.0 130.0 130.0 130.0 130.0 130.0 130.0 130.0 130.0 130.0 160.0 160.0 160.0 160.0 160.0 160.0 160.0 180.0 180.0 180.0 180.0 180.0 180.0 180.0 180.0 190.0 190.0 190.0 190.0 190.0 190.0 190.0 190.0 200.0 200.0 200.0 200.0 200.0 200.0 200.0 200.0 200.0 200.0 200.0 200.0 200.0 200.0 200.0 200.0 200.0 200.0 200.0 200.0 200.0 200.0 200.0 200.0 200.0 200.0 200.0 200.0 200.0 200.0 200.0 200.0 200.0 200.0 200.0 200.0 200.0 220.0 220.0 220.0 220.0 220.0 220.0 220.0 220.0 160.0 160.0 160.0 160.0 160.0 160.0 160.0 180.0 180.0 180.0 180.0 180.0 180.0 180.0 180.0 180.0 180.0 180.0 180.0 180.0 180.0 180.0 180.0 180.0 180.0 180.0 180.0 180.0 180.0 180.0 190.0 190.0 190.0 190.0 190.0 190.0 190.0 190.0 190.0 190.0 190.0 190.0 190.0 190.0 190.0 210.0 210.0 210.0 210.0 210.0 210.0 210.0 220.0 220.0 220.0 220.0 220.0 220.0 220.0 220.0
130.0 130.0 130.0 130.0 130.0 130.0 130.0 130.0 130.0 130.0 130.0 130.0 130.0 130.0 130.0 160.0 160.0 160.0 160.0 160.0 160.0 160.0 180.0 180.0 180.0 180.0 180.0 180.0 180.0 180.0 190.0 190.0 190.0 190.0 190.0 190.0 190.0 190.0 200.0 200.0 200.0 200.0 200.0 200.0 200.0 200.0 200.0 200.0 200.0 200.0 200.0 200.0 200.0 200.0 200.0 200.0 200.0 200.0 200.0 200.0 200.0 200.0 200.0 200.0 200.0 200.0 200.0 200.0 200.0 200.0 200.0 200.0 200.0 200.0 200.0 220.0 220.0 220.0 220.0 220.0 220.0 220.0 220.0 160.0 160.0 160.0 160.0 160.0 160.0 160.0 180.0 180.0 180.0 180.0 180.0 180.0 180.0 180.0 180.0 180.0 180.0 180.0 180.0 180.0 180.0 180.0 180.0 180.0 180.0 180.0 180.0 180.0 180.0 190.0 190.0 190.0 190.0 190.0 190.0 190.0 190.0 190.0 190.0 190.0 190.0 190.0 190.0 190.0 210.0 210.0 210.0 210.0 210.0 210.0 210.0 220.0 220.0 220.0 220.0 220.0 220.0 220.0 220.0
130.0 130.0 130.0 130.0 130.0 130.0 130.0 130.0 130.0 130.0 130.0 130.0 130.0 130.0 130.0 160.0 160.0 160.0 160.0 160.0 160.0 160.0 180.0 180.0 180.0 180.0 180.0 180.0 180.0 180.0 190.0 190.0 190.0 190.0 190.0 190.0 190.0 190.0 200.0 200.0 200.0 200.0 200.0 200.0 200.0 200.0 200.0 200.0 200.0 200.0 200.0 200.0 200.0 200.0 200.0 200.0 200.0 200.0 200.0 200.0 200.0 200.0 200.0 200.0 200.0 200.0 200.0 200.0 200.0 200.0 200.0 200.0 200.0 200.0 200.0 220.0 220.0 220.0 220.0 220.0 220.0 220.0 220.0 160.0 160.0 160.0 160.0 160.0 160.0 160.0 180.0 180.0 180.0 180.0 180.0 180.0 180.0 180.0 180.0 180.0 180.0 180.0 180.0 180.0 180.0 180.0 180.0 180.0 180.0 180.0 180.0 180.0 180.0 190.0 190.0 190.0 190.0 190.0 190.0 190.0 190.0 190.0 190.0 190.0 190.0 190.0 190.0 190.0 210.0 210.0 210.0 210.0 210.0 210.0 210.0 220.0 220.0 220.0 220.0 220.0 220.0 220.0 220.0
130.0 130.0 130.0 130.0 130.0 130.0 130.0 130.0 130.0 130.0 130.0 130.0 130.0 130.0 130.0 160.0 160.0 160.0 160.0 160.0 160.0 160.0 180.0 180.0 180.0 180.0 180.0 180.0 180.0 180.0 190.0 190.0 190.0 190.0 190.0 190.0 190.0 190.0 200.0 200.0 200.0 200.0 200.0 200.0 200.0 200.0 200.0 200.0 200.0 200.0 200.0 200.0 200.0 200.0 200.0 200.0 200.0 200.0 200.0 200.0 200.0 200.0 200.0 200.0 200.0 200.0 200.0 200.0 200.0 200.0 200.0 200.0 200.0 200.0 200.0 220.0 220.0 220.0 220.0 220.0 220.0 220.0 220.0 160.0 160.0 160.0 160.0 160.0 160.0 160.0 180.0 180.0 180.0 180.0 180.0 180.0 180.0 180.0 180.0 180.0 180.0 180.0 180.0 180.0 180.0 180.0 180.0 180.0 180.0 180.0 180.0 180.0 180.0 190.0 190.0 190.0 190.0 190.0 190.0 190.0 190.0 190.0 190.0 190.0 190.0 190.0 190.0 190.0 210.0 210.0 210.0 210.0 210.0 210.0 210.0 220.0 220.0 220.0 220.0 220.0 220.0 220.0 220.0
130.0 130.0 130.0 130.0 130.0 130.0 130.0 130.0 130.0 130.0 130.0 130.0 130.0 130.0 130.0 160.0 160.0 160.0 160.0 160.0 160.0 160.0 180.0 180.0 180.0 180.0 180.0 180.0 180.0 180.0 190.0 190.0 190.0 190.0 190.0 190.0 190.0 190.0 200.0 200.0 200.0 200.0 200.0 200.0 200.0 200.0 200.0 200.0 200.0 200.0 200.0 200.0 200.0 200.0 200.0 200.0 200.0 200.0 200.0 200.0 200.0 200.0 200.0 200.0 200.0 200.0 200.0 200.0 200.0 200.0 200.0 200.0 200.0 200.0 200.0 220.0 220.0 220.0 220.0 220.0 220.0 220.0 220.0 160.0 160.0 160.0 160.0 160.0 160.0 160.0 180.0 180.0 180.0 180.0 180.0 180.0 180.0 180.0 180.0 180.0 180.0 180.0 180.0 180.0 180.0 180.0 180.0 180.0 180.0 180.0 180.0 180.0 180.0 190.0 190.0 190.0 190.0 190.0 190.0 190.0 190.0 190.0 190.0 190.0 190.0 190.0 190.0 190.0 210.0 210.0 210.0 210.0 210.0 210.0 210.0 220.0 220.0 220.0 220.0 220.0 220.0 220.0 220.0
120.0 120.0 120.0 120.0 120.0 120.0 120.0 120.0 120.0 120.0 120.0 120.0 120.0 120.0 120.0 140.0 140.0 140.0 140.0 140.0 140.0 140.0 150.0 150.0 150.0 150.0 150.0 150.0 150.0 150.0 170.0 170.0 170.0 170.0 170.0 170.0 170.0 170.0 180.0 180.0 180.0 180.0 180.0 180.0 180.0 190.0 190.0 190.0 190.0 190.0 190.0 190.0 190.0 180.0 180.0 180.0 180.0 180.0 180.0 180.0 180.0 180.0 180.0 180.0 180.0 180.0 180.0 180.0 190.0 190.0 190.0 190.0 190.0 190.0 190.0 230.0 230.0 230.0 230.0 230.0 230.0 230.0 230.0 190.0 190.0 190.0 190.0 190.0 190.0 190.0 150.0 150.0 150.0 150.0 150.0 150.0 150.0 150.0 150.0 150.0 150.0 150.0 150.0 150.0 150.0 180.0 180.0 180.0 180.0 180.0 180.0 180.0 180.0 180.0 180.0 180.0 180.0 180.0 180.0 180.0 190.0 190.0 190.0 190.0 190.0 190.0 190.0 190.0 200.0 200.0 200.0 200.0 200.0 200.0 200.0 210.0 210.0 210.0 210.0 210.0 210.0 210.0 210.0
120.0 120.0 120.0 120.0 120.0 120.0 120.0 120.0 120.0 120.0 120.0 120.0 120.0 120.0 120.0 140.0 140.0 140.0 140.0 140.0 140.0 140.0 150.0 150.0 150.0 150.0 150.0 150.0 150.0 150.0 170.0 170.0 170.0 170.0 170.0 170.0 170.0 170.0 180.0 180.0 180.0 180.0 180.0 180.0 180.0 190.0 190.0 190.0 190.0 190.0 190.0 190.0 190.0 180.0 180.0 180.0 180.0 180.0 180.0 180.0 180.0 180.0 180.0 180.0 180.0 180.0 180.0 180.0 190.0 190.0 190.0 190.0 190.0 190.0 190.0 230.0 230.0 230.0 230.0 230.0 230.0 230.0 230.0 190.0 190.0 190.0 190.0 190.0 190.0 190.0 150.0 150.0 150.0 150.0 150.0 150.0 150.0 150.0 150.0 150.0 150.0 150.0 150.0 150.0 150.0 180.0 180.0 180.0 180.0 180.0 180.0 180.0 180.0 180.0 180.0 180.0 180.0 180.0 180.0 180.0 190.0 190.0 190.0 190.0 190.0 190.0 190.0 190.0 200.0 200.0 200.0 200.0 200.0 200.0 200.0 210.0 210.0 210.0 210.0 210.0 210.0 210.0 210.0
120.0 120.0 120.0 120.0 120.0 120.0 120.0 120.0 120.0 120.0 120.0 120.0 120.0 120.0 120.0 140.0 140.0 140.0 140.0 140.0 140.0 140.0 150.0 150.0 150.0 150.0 150.0 150.0 150.0 150.0 170.0 170.0 170.0 170.0 170.0 170.0 170.0 170.0 180.0 180.0 180.0 180.0 180.0 180.0 180.0 190.0 190.0 190.0 190.0 190.0 190.0 190.0 190.0 180.0 180.0 180.0 180.0 180.0 180.0 180.0 180.0 180.0 180.0 180.0 180.0 180.0 180.0 180.0 190.0 190.0 190.0 190.0 190.0 190.0 190.0 230.0 230.0 230.0 230.0 230.0 230.0 230.0 230.0 190.0 190.0 190.0 190.0 190.0 190.0 190.0 150.0 150.0 150.0 150.0 150.0 150.0 150.0 150.0 150.0 150.0 150.0 150.0 150.0 150.0 150.0 180.0 180.0 180.0 180.0 180.0 180.0 180.0 180.0 180.0 180.0 180.0 180.0 180.0 180.0 180.0 190.0 190.0 190.0 190.0 190.0 190.0 190.0 190.0 200.0 200.0 200.0 200.0 200.0 200.0 200.0 210.0 210.0 210.0 210.0 210.0 210.0 210.0 210.0
120.0 120.0 120.0 120.0 120.0 120.0 120.0 120.0 120.0 120.0 120.0 120.0 120.0 120.0 120.0 140.0 140.0 140.0 140.0 140.0 140.0 140.0 150.0 150.0 150.0 150.0 150.0 150.0 150.0 150.0 170.0 170.0 170.0 170.0 170.0 170.0 170.0 170.0 180.0 180.0 180.0 180.0 180.0 180.0 180.0 190.0 190.0 190.0 190.0 190.0 190.0 190.0 190.0 180.0 180.0 180.0 180.0 180.0 180.0 180.0 180.0 180.0 180.0 180.0 180.0 180.0 180.0 180.0 190.0 190.0 190.0 190.0 190.0 190.0 190.0 230.0 230.0 230.0 230.0 230.0 230.0 230.0 230.0 190.0 190.0 190.0 190.0 190.0 190.0 190.0 150.0 150.0 150.0 150.0 150.0 150.0 150.0 150.0 150.0 150.0 150.0 150.0 150.0 150.0 150.0 180.0 180.0 180.0 180.0 180.0 180.0 180.0 180.0 180.0 180.0 180.0 180.0 180.0 180.0 180.0 190.0 190.0 190.0 190.0 190.0 190.0 190.0 190.0 200.0 200.0 200.0 200.0 200.0 200.0 200.0 210.0 210.0 210.0 210.0 210.0 210.0 210.0 210.0
120.0 120.0 120.0 120.0 120.0 120.0 120.0 120.0 120.0 120.0 120.0 120.0 120.0 120.0 120.0 140.0 140.0 140.0 140.0 140.0 140.0 140.0 150.0 150.0 150.0 150.0 150.0 150.0 150.0 150.0 170.0 170.0 170.0 170.0 170.0 170.0 170.0 170.0 180.0 180.0 180.0 180.0 180.0 180.0 180.0 190.0 190.0 190.0 190.0 190.0 190.0 190.0 190.0 180.0 180.0 180.0 180.0 180.0 180.0 180.0 180.0 180.0 180.0 180.0 180.0 180.0 180.0 180.0 190.0 190.0 190.0 190.0 190.0 190.0 190.0 230.0 230.0 230.0 230.0 230.0 230.0 230.0 230.0 190.0 190.0 190.0 190.0 190.0 190.0 190.0 150.0 150.0 150.0 150.0 150.0 150.0 150.0 150.0 150.0 150.0 150.0 150.0 150.0 150.0 150.0 180.0 180.0 180.0 180.0 180.0 180.0 180.0 180.0 180.0 180.0 180.0 180.0 180.0 180.0 180.0 190.0 190.0 190.0 190.0 190.0 190.0 190.0 190.0 200.0 200.0 200.0 200.0 200.0 200.0 200.0 210.0 210.0 210.0 210.0 210.0 210.0 210.0 210.0
120.0 120.0 120.0 120.0 120.0 120.0 120.0 120.0 120.0 120.0 120.0 120.0 120.0 120.0 120.0 140.0 140.0 140.0 140.0 140.0 140.0 140.0 150.0 150.0 150.0 150.0 150.0 150.0 150.0 150.0 170.0 170.0 170.0 170.0 170.0 170.0 170.0 170.0 180.0 180.0 180.0 180.0 180.0 180.0 180.0 190.0 190.0 190.0 190.0 190.0 190.0 190.0 190.0 180.0 180.0 180.0 180.0 180.0 180.0 180.0 180.0 180.0 180.0 180.0 180.0 180.0 180.0 180.0 190.0 190.0 190.0 190.0 190.0 190.0 190.0 230.0 230.0 230.0 230.0 230.0 230.0 230.0 230.0 190.0 190.0 190.0 190.0 190.0 190.0 190.0 150.0 150.0 150.0 150.0 150.0 150.0 150.0 150.0 150.0 150.0 150.0 150.0 150.0 150.0 150.0 180.0 180.0 180.0 180.0 180.0 180.0 180.0 180.0 180.0 180.0 180.0 180.0 180.0 180.0 180.0 190.0 190.0 190.0 190.0 190.0 190.0 190.0 190.0 200.0 200.0 200.0 200.0 200.0 200.0 200.0 210.0 210.0 210.0 210.0 210.0 210.0 210.0 210.0
120.0 120.0 120.0 120.0 120.0 120.0 120.0 120.0 120.0 120.0 120.0 120.0 120.0 120.0 120.0 140.0 140.0 140.0 140.0 140.0 140.0 140.0 150.0 150.0 150.0 150.0 150.0 150.0 150.0 150.0 170.0 170.0 170.0 170.0 170.0 170.0 170.0 170.0 180.0 180.0 180.0 180.0 180.0 180.0 180.0 190.0 190.0 190.0 190.0 190.0 190.0 190.0 190.0 180.0 180.0 180.0 180.0 180.0 180.0 180.0 180.0 180.0 180.0 180.0 180.0 180.0 180.0 180.0 190.0 190.0 190.0 190.0 190.0 190.0 190.0 230.0 230.0 230.0 230.0 230.0 230.0 230.0 230.0 190.0 190.0 190.0 190.0 190.0 190.0 190.0 150.0 150.0 150.0 150.0 150.0 150.0 150.0 150.0 150.0 150.0 150.0 150.0 150.0 150.0 150.0 180.0 180.0 180.0 180.0 180.0 180.0 180.0 180.0 180.0 180.0 180.0 180.0 180.0 180.0 180.0 190.0 190.0 190.0 190.0 190.0 190.0 190.0 190.0 200.0 200.0 200.0 200.0 200.0 200.0 200.0 210.0 210.0 210.0 210.0 210.0 210.0 210.0 210.0
120.0 120.0 120.0 120.0 120.0 120.0 120.0 120.0 120.0 120.0 120.0 120.0 120.0 120.0 120.0 140.0 140.0 140.0 140.0 140.0 140.0 140.0 150.0 150.0 150.0 150.0 150.0 150.0 150.0 150.0 170.0 170.0 170.0 170.0 170.0 170.0 170.0 170.0 180.0 180.0 180.0 180.0 180.0 180.0 180.0 190.0 190.0 190.0 190.0 190.0 190.0 190.0 190.0 180.0 180.0 180.0 180.0 180.0 180.0 180.0 180.0 180.0 180.0 180.0 180.0 180.0 180.0 180.0 190.0 190.0 190.0 190.0 190.0 190.0 190.0 230.0 230.0 230.0 230.0 230.0 230.0 230.0 230.0 190.0 190.0 190.0 190.0 190.0 190.0 190.0 150.0 150.0 150.0 150.0 150.0 150.0 150.0 150.0 150.0 150.0 150.0 150.0 150.0 150.0 150.0 180.0 180.0 180.0 180.0 180.0 180.0 180.0 180.0 180.0 180.0 180.0 180.0 180.0 180.0 180.0 190.0 190.0 190.0 190.0 190.0 190.0 190.0 190.0 200.0 200.0 200.0 200.0 200.0 200.0 200.0 210.0 210.0 210.0 210.0 210.0 210.0 210.0 210.0
120.0 120.0 120.0 120.0 120.0 120.0 120.0 100.0 100.0 100.0 100.0 100.0 100.0 100.0 100.0 110.0 110.0 110.0 110.0 110.0 110.0 110.0 130.0 130.0 130.0 130.0 130.0 130.0 130.0 130.0 150.0 150.0 150.0 150.0 150.0 150.0 150.0 150.0 160.0 160.0 160.0 160.0 160.0 160.0 160.0 160.0 160.0 160.0 160.0 160.0 160.0 160.0 160.0 160.0 160.0 160.0 160.0 160.0 160.0 160.0 150.0 150.0 150.0 150.0 150.0 150.0 150.0 150.0 180.0 180.0 180.0 180.0 180.0 180.0 180.0 290.0 290.0 290.0 290.0 290.0 290.0 290.0 290.0 200.0 200.0 200.0 200.0 200.0 200.0 200.0 120.0 120.0 120.0 120.0 120.0 120.0 120.0 120.0 120.0 120.0 120.0 120.0 120.0 120.0 120.0 140.0 140.0 140.0 140.0 140.0 140.0 140.0 140.0 120.0 120.0 120.0 120.0 120.0 120.0 120.0 90.0 90.0 90.0 90.0 90.0 90.0 90.0 90.0 200.0 200.0 200.0 200.0 200.0 200.0 200.0 240.0 240.0 240.0 240.0 240.0 240.0 240.0 240.0
120.0 120.0 120.0 120.0 120.0 120.0 120.0 100.0 100.0 100.0 100.0 100.0 100.0 100.0 100.0 110.0 110.0 110.0 110.0 110.0 110.0 110.0 130.0 130.0 130.0 130.0 130.0 130.0 130.0 130.0 150.0 150.0 150.0 150.0 150.0 150.0 150.0 150.0 160.0 160.0 160.0 160.0 160.0 160.0 160.0 160.0 160.0 160.0 160.0 160.0 160.0 160.0 160.0 160.0 160.0 160.0 160.0 160.0 160.0 160.0 150.0 150.0 150.0 150.0 150.0 150.0 150.0 150.0 180.0 180.0 180.0 180.0 180.0 180.0 180.0 290.0 290.0 290.0 290.0 290.0 290.0 290.0 290.0 200.0 200.0 200.0 200.0 200.0 200.0 200.0 120.0 120.0 120.0 120.0 120.0 120.0 120.0 120.0 120.0 120.0 120.0 120.0 120.0 120.0 120.0 140.0 140.0 140.0 140.0 140.0 140.0 140.0 140.0 120.0 120.0 120.0 120.0 120.0 120.0 120.0 90.0 90.0 90.0 90.0 90.0 90.0 90.0 90.0 200.0 200.0 200.0 200.0 200.0 200.0 200.0 240.0 240.0 240.0 240.0 240.0 240.0 240.0 240.0
120.0 120.0 120.0 120.0 120.0 120.0 120.0 100.0 100.0 100.0 100.0 100.0 100.0 100.0 100.0 110.0 110.0 110.0 110.0 110.0 110.0 110.0 130.0 130.0 130.0 130.0 130.0 130.0 130.0 130.0 150.0 150.0 150.0 150.0 150.0 150.0 150.0 150.0 160.0 160.0 160.0 160.0 160.0 160.0 160.0 160.0 160.0 160.0 160.0 160.0 160.0 160.0 160.0 160.0 160.0 160.0 160.0 160.0 160.0 160.0 150.0 150.0 150.0 150.0 150.0 150.0 150.0 150.0 180.0 180.0 180.0 180.0 180.0 180.0 180.0 290.0 290.0 290.0 290.0 290.0 290.0 290.0 290.0 200.0 200.0 200.0 200.0 200.0 200.0 200.0 120.0 120.0 120.0 120.0 120.0 120.0 120.0 120.0 120.0 120.0 120.0 120.0 120.0 120.0 120.0 140.0 140.0 140.0 140.0 140.0 140.0 140.0 140.0 120.0 120.0 120.0 120.0 120.0 120.0 120.0 90.0 90.0 90.0 90.0 90.0 90.0 90.0 90.0 200.0 200.0 200.0 200.0 200.0 200.0 200.0 240.0 240.0 240.0 240.0 240.0 240.0 240.0 240.0
120.0 120.0 120.0 120.0 120.0 120.0 120.0 100.0 100.0 100.0 100.0 100.0 100.0 100.0 100.0 110.0 110.0 110.0 110.0 110.0 110.0 110.0 130.0 130.0 130.0 130.0 130.0 130.0 130.0 130.0 150.0 150.0 150.0 150.0 150.0 150.0 150.0 150.0 160.0 160.0 160.0 160.0 160.0 160.0 160.0 160.0 160.0 160.0 160.0 160.0 160.0 160.0 160.0 160.0 160.0 160.0 160.0 160.0 160.0 160.0 150.0 150.0 150.0 150.0 150.0 150.0 150.0 150.0 180.0 180.0 180.0 180.0 180.0 180.0 180.0 290.0 290.0 290.0 290.0 290.0 290.0 290.0 290.0 200.0 200.0 200.0 200.0 200.0 200.0 200.0 120.0 120.0 120.0 120.0 120.0 120.0 120.0 120.0 120.0 120.0 120.0 120.0 120.0 120.0 120.0 140.0 140.0 140.0 140.0 140.0 140.0 140.0 140.0 120.0 120.0 120.0 120.0 120.0 120.0 120.0 90.0 90.0 90.0 90.0 90.0 90.0 90.0 90.0 200.0 200.0 200.0 200.0 200.0 200.0 200.0 240.0 240.0 240.0 240.0 240.0 240.0 240.0 240.0
120.0 120.0 120.0 120.0 120.0 120.0 120.0 100.0 100.0 100.0 100.0 100.0 100.0 100.0 100.0 110.0 110.0 110.0 110.0 110.0 110.0 110.0 130.0 130.0 130.0 130.0 130.0 130.0 130.0 130.0 150.0 150.0 150.0 150.0 150.0 150.0 150.0 150.0 160.0 160.0 160.0 160.0 160.0 160.0 160.0 160.0 160.0 160.0 160.0 160.0 160.0 160.0 160.0 160.0 160.0 160.0 160.0 160.0 160.0 160.0 150.0 150.0 150.0 150.0 150.0 150.0 150.0 150.0 180.0 180.0 180.0 180.0 180.0 180.0 180.0 290.0 290.0 290.0 290.0 290.0 290.0 290.0 290.0 200.0 200.0 200.0 200.0 200.0 200.0 200.0 120.0 120.0 120.0 120.0 120.0 120.0 120.0 120.0 120.0 120.0 120.0 120.0 120.0 120.0 120.0 140.0 140.0 140.0 140.0 140.0 140.0 140.0 140.0 120.0 120.0 120.0 120.0 120.0 120.0 120.0 90.0 90.0 90.0 90.0 90.0 90.0 90.0 90.0 200.0 200.0 200.0 200.0 200.0 200.0 200.0 240.0 240.0 240.0 240.0 240.0 240.0 240.0 240.0
120.0 120.0 120.0 120.0 120.0 120.0 120.0 100.0 100.0 100.0 100.0 100.0 100.0 100.0 100.0 110.0 110.0 110.0 110.0 110.0 110.0 110.0 130.0 130.0 130.0 130.0 130.0 130.0 130.0 130.0 150.0 150.0 150.0 150.0 150.0 150.0 150.0 150.0 160.0 160.0 160.0 160.0 160.0 160.0 160.0 160.0 160.0 160.0 160.0 160.0 160.0 160.0 160.0 160.0 160.0 160.0 160.0 160.0 160.0 160.0 150.0 150.0 150.0 150.0 150.0 150.0 150.0 150.0 180.0 180.0 180.0 180.0 180.0 180.0 180.0 290.0 290.0 290.0 290.0 290.0 290.0 290.0 290.0 200.0 200.0 200.0 200.0 200.0 200.0 200.0 120.0 120.0 120.0 120.0 120.0 120.0 120.0 120.0 120.0 120.0 120.0 120.0 120.0 120.0 120.0 140.0 140.0 140.0 140.0 140.0 140.0 140.0 140.0 120.0 120.0 120.0 120.0 120.0 120.0 120.0 90.0 90.0 90.0 90.0 90.0 90.0 90.0 90.0 200.0 200.0 200.0 200.0 200.0 200.0 200.0 240.0 240.0 240.0 240.0 240.0 240.0 240.0 240.0
120.0 120.0 120.0 120.0 120.0 120.0 120.0 100.0 100.0 100.0 100.0 100.0 100.0 100.0 100.0 110.0 110.0 110.0 110.0 110.0 110.0 110.0 130.0 130.0 130.0 130.0 130.0 130.0 130.0 130.0 150.0 150.0 150.0 150.0 150.0 150.0 150.0 150.0 160.0 160.0 160.0 160.0 160.0 160.0 160.0 160.0 160.0 160.0 160.0 160.0 160.0 160.0 160.0 160.0 160.0 160.0 160.0 160.0 160.0 160.0 150.0 150.0 150.0 150.0 150.0 150.0 150.0 150.0 180.0 180.0 180.0 180.0 180.0 180.0 180.0 290.0 290.0 290.0 290.0 290.0 290.0 290.0 290.0 200.0 200.0 200.0 200.0 200.0 200.0 200.0 120.0 120.0 120.0 120.0 120.0 120.0 120.0 120.0 120.0 120.0 120.0 120.0 120.0 120.0 120.0 140.0 140.0 140.0 140.0 140.0 140.0 140.0 140.0 120.0 120.0 120.0 120.0 120.0 120.0 120.0 90.0 90.0 90.0 90.0 90.0 90.0 90.0 90.0 200.0 200.0 200.0 200.0 200.0 200.0 200.0 240.0 240.0 240.0 240.0 240.0 240.0 240.0 240.0
140.0 140.0 140.0 140.0 140.0 140.0 140.0 120.0 120.0 120.0 120.0 120.0 120.0 120.0 120.0 110.0 110.0 110.0 110.0 110.0 110.0 110.0 120.0 120.0 120.0 120.0 120.0 120.0 120.0 120.0 130.0 130.0 130.0 130.0 130.0 130.0 130.0 130.0 130.0 130.0 130.0 130.0 130.0 130.0 130.0 140.0 140.0 140.0 140.0 140.0 140.0 140.0 140.0 140.0 140.0 140.0 140.0 140.0 140.0 140.0 150.0 150.0 150.0 150.0 150.0 150.0 150.0 150.0 160.0 160.0 160.0 160.0 160.0 160.0 160.0 100.0 100.0 100.0 100.0 100.0 100.0 100.0 100.0 90.0 90.0 90.0 90.0 90.0 90.0 90.0 80.0 80.0 80.0 80.0 80.0 80.0 80.0 80.0 80.0 80.0 80.0 80.0 80.0 80.0 80.0 110.0 110.0 110.0 110.0 110.0 110.0 110.0 110.0 200.0 200.0 200.0 200.0 200.0 200.0 200.0 230.0 230.0 230.0 230.0 230.0 230.0 230.0 230.0 20.0 20.0 20.0 20.0 20.0 20.0 20.0 180.0 180.0 180.0 180.0 180.0 180.0 180.0 180.0
140.0 140.0 140.0 140.0 140.0 140.0 140.0 120.0 120.0 120.0 120.0 120.0 120.0 120.0 120.0 110.0 110.0 110.0 110.0 110.0 110.0 110.0 120.0 120.0 120.0 120.0 120.0 120.0 120.0 120.0 130.0 130.0 130.0 130.0 130.0 130.0 130.0 130.0 130.0 130.0 130.0 130.0 130.0 130.0 130.0 140.0 140.0 140.0 140.0 140.0 140.0 140.0 140.0 140.0 140.0 140.0 140.0 140.0 140.0 140.0 150.0 150.0 150.0 150.0 150.0 150.0 150.0 150.0 160.0 160.0 160.0 160.0 160.0 160.0 160.0 100.0 100.0 100.0 100.0 100.0 100.0 100.0 100.0 90.0 90.0 90.0 90.0 90.0 90.0 90.0 80.0 80.0 80.0 80.0 80.0 80.0 80.0 80.0 80.0 80.0 80.0 80.0 80.0 80.0 80.0 110.0 110.0 110.0 110.0 110.0 110.0 110.0 110.0 200.0 200.0 200.0 200.0 200.0 200.0 200.0 230.0 230.0 230.0 230.0 230.0 230.0 230.0 230.0 20.0 20.0 20.0 20.0 20.0 20.0 20.0 180.0 180.0 180.0 180.0 180.0 180.0 180.0 180.0
140.0 140.0 140.0 140.0 140.0 140.0 140.0 120.0 120.0 120.0 120.0 120.0 120.0 120.0 120.0 110.0 110.0 110.0 110.0 110.0 110.0 110.0 120.0 120.0 120.0 120.0 120.0 120.0 120.0 120.0 130.0 130.0 130.0 130.0 130.0 130.0 130.0 130.0 130.0 130.0 130.0 130.0 130.0 130.0 130.0 140.0 140.0 140.0 140.0 140.0 140.0 140.0 140.0 140.0 140.0 140.0 140.0 140.0 140.0 140.0 150.0 150.0 150.0 150.0 150.0 150.0 150.0 150.0 160.0 160.0 160.0 160.0 160.0 160.0 160.0 100.0 100.0 100.0 100.0 100.0 100.0 100.0 100.0 90.0 90.0 90.0 90.0 90.0 90.0 90.0 80.0 80.0 80.0 80.0 80.0 80.0 80.0 80.0 80.0 80.0 80.0 80.0 80.0 80.0 80.0 110.0 110.0 110.0 110.0 110.0 110.0 110.0 110.0 200.0 200.0 200.0 200.0 200.0 200.0 200.0 230.0 230.0 230.0 230.0 230.0 230.0 230.0 230.0 20.0 20.0 20.0 20.0 20.0 20.0 20.0 180.0 180.0 180.0 180.0 180.0 180.0 180.0 180.0
140.0 140.0 140.0 140.0 140.0 140.0 140.0 120.0 120.0 120.0 120.0 120.0 120.0 120.0 120.0 110.0 110.0 110.0 110.0 110.0 110.0 110.0 120.0 120.0 120.0 120.0 120.0 120.0 120.0 120.0 130.0 130.0 130.0 130.0 130.0 130.0 130.0 130.0 130.0 130.0 130.0 130.0 130.0 130.0 130.0 140.0 140.0 140.0 140.0 140.0 140.0 140.0 140.0 140.0 140.0 140.0 140.0 140.0 140.0 140.0 150.0 150.0 150.0 150.0 150.0 150.0 150.0 150.0 160.0 160.0 160.0 160.0 160.0 160.0 160.0 100.0 100.0 100.0 100.0 100.0 100.0 100.0 100.0 90.0 90.0 90.0 90.0 90.0 90.0 90.0 80.0 80.0 80.0 80.0 80.0 80.0 80.0 80.0 80.0 80.0 80.0 80.0 80.0 80.0 80.0 110.0 110.0 110.0 110.0 110.0 110.0 110.0 110.0 200.0 200.0 200.0 200.0 200.0 200.0 200.0 230.0 230.0 230.0 230.0 230.0 230.0 230.0 230.0 20.0 20.0 20.0 20.0 20.0 20.0 20.0 180.0 180.0 180.0 180.0 180.0 180.0 180.0 180.0
140.0 140.0 140.0 140.0 140.0 140.0 140.0 120.0 120.0 120.0 120.0 120.0 120.0 120.0 120.0 110.0 110.0 110.0 110.0 110.0 110.0 110.0 120.0 120.0 120.0 120.0 120.0 120.0 120.0 120.0 130.0 130.0 130.0 130.0 130.0 130.0 130.0 130.0 130.0 130.0 130.0 130.0 130.0 130.0 130.0 140.0 140.0 140.0 140.0 140.0 140.0 140.0 140.0 140.0 140.0 140.0 140.0 140.0 140.0 140.0 150.0 150.0 150.0 150.0 150.0 150.0 150.0 150.0 160.0 160.0 160.0 160.0 160.0 160.0 160.0 100.0 100.0 100.0 100.0 100.0 100.0 100.0 100.0 90.0 90.0 90.0 90.0 90.0 90.0 90.0 80.0 80.0 80.0 80.0 80.0 80.0 80.0 80.0 80.0 80.0 80.0 80.0 80.0 80.0 80.0 110.0 110.0 110.0 110.0 110.0 110.0 110.0 110.0 200.0 200.0 200.0 200.0 200.0 200.0 200.0 230.0 230.0 230.0 230.0 230.0 230.0 230.0 230.0 20.0 20.0 20.0 20.0 20.0 20.0 20.0 180.0 180.0 180.0 180.0 180.0 180.0 180.0 180.0
140.0 140.0 140.0 140.0 140.0 140.0 140.0 120.0 120.0 120.0 120.0 120.0 120.0 120.0 120.0 110.0 110.0 110.0 110.0 110.0 110.0 110.0 120.0 120.0 120.0 120.0 120.0 120.0 120.0 120.0 130.0 130.0 130.0 130.0 130.0 130.0 130.0 130.0 130.0 130.0 130.0 130.0 130.0 130.0 130.0 140.0 140.0 140.0 140.0 140.0 140.0 140.0 140.0 140.0 140.0 140.0 140.0 140.0 140.0 140.0 150.0 150.0 150.0 150.0 150.0 150.0 150.0 150.0 160.0 160.0 160.0 160.0 160.0 160.0 160.0 100.0 100.0 100.0 100.0 100.0 100.0 100.0 100.0 90.0 90.0 90.0 90.0 90.0 90.0 90.0 80.0 80.0 80.0 80.0 80.0 80.0 80.0 80.0 80.0 80.0 80.0 80.0 80.0 80.0 80.0 110.0 110.0 110.0 110.0 110.0 110.0 110.0 110.0 200.0 200.0 200.0 200.0 200.0 200.0 200.0 230.0 230.0 230.0 230.0 230.0 230.0 230.0 230.0 20.0 20.0 20.0 20.0 20.0 20.0 20.0 180.0 180.0 180.0 180.0 180.0 180.0 180.0 180.0
140.0 140.0 140.0 140.0 140.0 140.0 140.0 120.0 120.0 120.0 120.0 120.0 120.0 120.0 120.0 110.0 110.0 110.0 110.0 110.0 110.0 110.0 120.0 120.0 120.0 120.0 120.0 120.0 120.0 120.0 130.0 130.0 130.0 130.0 130.0 130.0 130.0 130.0 130.0 130.0 130.0 130.0 130.0 130.0 130.0 140.0 140.0 140.0 140.0 140.0 140.0 140.0 140.0 140.0 140.0 140.0 140.0 140.0 140.0 140.0 150.0 150.0 150.0 150.0 150.0 150.0 150.0 150.0 160.0 160.0 160.0 160.0 160.0 160.0 160.0 100.0 100.0 100.0 100.0 100.0 100.0 100.0 100.0 90.0 90.0 90.0 90.0 90.0 90.0 90.0 80.0 80.0 80.0 80.0 80.0 80.0 80.0 80.0 80.0 80.0 80.0 80.0 80.0 80.0 80.0 110.0 110.0 110.0 110.0 110.0 110.0 110.0 110.0 200.0 200.0 200.0 200.0 200.0 200.0 200.0 230.0 230.0 230.0 230.0 230.0 230.0 230.0 230.0 20.0 20.0 20.0 20.0 20.0 20.0 20.0 180.0 180.0 180.0 180.0 180.0 180.0 180.0 180.0
140.0 140.0 140.0 140.0 140.0 140.0 140.0 120.0 120.0 120.0 120.0 120.0 120.0 120.0 120.0 110.0 110.0 110.0 110.0 110.0 110.0 110.0 120.0 120.0 120.0 120.0 120.0 120.0 120.0 120.0 130.0 130.0 130.0 130.0 130.0 130.0 130.0 130.0 130.0 130.0 130.0 130.0 130.0 130.0 130.0 140.0 140.0 140.0 140.0 140.0 140.0 140.0 140.0 140.0 140.0 140.0 140.0 140.0 140.0 140.0 150.0 150.0 150.0 150.0 150.0 150.0 150.0 150.0 160.0 160.0 160.0 160.0 160.0 160.0 160.0 100.0 100.0 100.0 100.0 100.0 100.0 100.0 100.0 90.0 90.0 90.0 90.0 90.0 90.0 90.0 80.0 80.0 80.0 80.0 80.0 80.0 80.0 80.0 80.0 80.0 80.0 80.0 80.0 80.0 80.0 110.0 110.0 110.0 110.0 110.0 110.0 110.0 110.0 200.0 200.0 200.0 200.0 200.0 200.0 200.0 230.0 230.0 230.0 230.0 230.0 230.0 230.0 230.0 20.0 20.0 20.0 20.0 20.0 20.0 20.0 180.0 180.0 180.0 180.0 180.0 180.0 180.0 180.0
170.0 170.0 170.0 170.0 170.0 170.0 170.0 240.0 240.0 240.0 240.0 240.0 240.0 240.0 240.0 350.0 350.0 350.0 350.0 350.0 350.0 350.0 40.0 40.0 40.0 40.0 40.0 40.0 40.0 40.0 70.0 70.0 70.0 70.0 70.0 70.0 70.0 70.0 70.0 70.0 70.0 70.0 70.0 70.0 70.0 80.0 80.0 80.0 80.0 80.0 80.0 80.0 80.0 100.0 100.0 100.0 100.0 100.0 100.0 100.0 130.0 130.0 130.0 130.0 130.0 130.0 130.0 130.0 120.0 120.0 120.0 120.0 120.0 120.0 120.0 90.0 90.0 90.0 90.0 90.0 90.0 90.0 90.0 90.0 90.0 90.0 90.0 90.0 90.0 90.0 60.0 60.0 60.0 60.0 60.0 60.0 60.0 60.0 60.0 60.0 60.0 60.0 60.0 60.0 60.0 60.0 60.0 60.0 60.0 60.0 60.0 60.0 60.0 70.0 70.0 70.0 70.0 70.0 70.0 70.0 340.0 340.0 340.0 340.0 340.0 340.0 340.0 340.0 350.0 350.0 350.0 350.0 350.0 350.0 350.0 340.0 340.0 340.0 340.0 340.0 340.0 340.0 340.0
170.0 170.0 170.0 170.0 170.0 170.0 170.0 240.0 240.0 240.0 240.0 240.0 240.0 240.0 240.0 350.0 350.0 350.0 350.0 350.0 350.0 350.0 40.0 40.0 40.0 40.0 40.0 40.0 40.0 40.0 70.0 70.0 70.0 70.0 70.0 70.0 70.0 70.0 70.0 70.0 70.0 70.0 70.0 70.0 70.0 80.0 80.0 80.0 80.0 80.0 80.0 80.0 80.0 100.0 100.0 100.0 100.0 100.0 100.0 100.0 130.0 130.0 130.0 130.0 130.0 130.0 130.0 130.0 120.0 120.0 120.0 120.0 120.0 120.0 120.0 90.0 90.0 90.0 90.0 90.0 90.0 90.0 90.0 90.0 90.0 90.0 90.0 90.0 90.0 90.0 60.0 60.0 60.0 60.0 60.0 60.0 60.0 60.0 60.0 60.0 60.0 60.0 60.0 60.0 60.0 60.0 60.0 60.0 60.0 60.0 60.0 60.0 60.0 70.0 70.0 70.0 70.0 70.0 70.0 70.0 340.0 340.0 340.0 340.0 340.0 340.0 340.0 340.0 350.0 350.0 350.0 350.0 350.0 350.0 350.0 340.0 340.0 340.0 340.0 340.0 340.0 340.0 340.0
170.0 170.0 170.0 170.0 170.0 170.0 170.0 240.0 240.0 240.0 240.0 240.0 240.0 240.0 240.0 350.0 350.0 350.0 350.0 350.0 350.0 350.0 40.0 40.0 40.0 40.0 40.0 40.0 40.0 40.0 70.0 70.0 70.0 70.0 70.0 70.0 70.0 70.0 70.0 70.0 70.0 70.0 70.0 70.0 70.0 80.0 80.0 80.0 80.0 80.0 80.0 80.0 80.0 100.0 100.0 100.0 100.0 100.0 100.0 100.0 130.0 130.0 130.0 130.0 130.0 130.0 130.0 130.0 120.0 120.0 120.0 120.0 120.0 120.0 120.0 90.0 90.0 90.0 90.0 90.0 90.0 90.0 90.0 90.0 90.0 90.0 90.0 90.0 90.0 90.0 60.0 60.0 60.0 60.0 60.0 60.0 60.0 60.0 60.0 60.0 60.0 60.0 60.0 60.0 60.0 60.0 60.0 60.0 60.0 60.0 60.0 60.0 60.0 70.0 70.0 70.0 70.0 70.0 70.0 70.0 340.0 340.0 340.0 340.0 340.0 340.0 340.0 340.0 350.0 350.0 350.0 350.0 350.0 350.0 350.0 340.0 340.0 340.0 340.0 340.0 340.0 340.0 340.0
170.0 170.0 170.0 170.0 170.0 170.0 170.0 240.0 240.0 240.0 240.0 240.0 240.0 240.0 240.0 350.0 350.0 350.0 350.0 350.0 350.0 350.0 40.0 40.0 40.0 40.0 40.0 40.0 40.0 40.0 70.0 70.0 70.0 70.0 70.0 70.0 70.0 70.0 70.0 70.0 70.0 70.0 70.0 70.0 70.0 80.0 80.0 80.0 80.0 80.0 80.0 80.0 80.0 100.0 100.0 100.0 100.0 100.0 100.0 100.0 130.0 130.0 130.0 130.0 130.0 130.0 130.0 130.0 120.0 120.0 120.0 120.0 120.0 120.0 120.0 90.0 90.0 90.0 90.0 90.0 90.0 90.0 90.0 90.0 90.0 90.0 90.0 90.0 90.0 90.0 60.0 60.0 60.0 60.0 60.0 60.0 60.0 60.0 60.0 60.0 60.0 60.0 60.0 60.0 60.0 60.0 60.0 60.0 60.0 60.0 60.0 60.0 60.0 70.0 70.0 70.0 70.0 70.0 70.0 70.0 340.0 340.0 340.0 340.0 340.0 340.0 340.0 340.0 350.0 350.0 350.0 350.0 350.0 350.0 350.0 340.0 340.0 340.0 340.0 340.0 340.0 340.0 340.0
170.0 170.0 170.0 170.0 170.0 170.0 170.0 240.0 240.0 240.0 240.0 240.0 240.0 240.0 240.0 350.0 350.0 350.0 350.0 350.0 350.0 350.0 40.0 40.0 40.0 40.0 40.0 40.0 40.0 40.0 70.0 70.0 70.0 70.0 70.0 70.0 70.0 70.0 70.0 70.0 70.0 70.0 70.0 70.0 70.0 80.0 80.0 80.0 80.0 80.0 80.0 80.0 80.0 100.0 100.0 100.0 100.0 100.0 100.0 100.0 130.0 130.0 130.0 130.0 130.0 130.0 130.0 130.0 120.0 120.0 120.0 120.0 120.0 120.0 120.0 90.0 90.0 90.0 90.0 90.0 90.0 90.0 90.0 90.0 90.0 90.0 90.0 90.0 90.0 90.0 60.0 60.0 60.0 60.0 60.0 60.0 60.0 60.0 60.0 60.0 60.0 60.0 60.0 60.0 60.0 60.0 60.0 60.0 60.0 60.0 60.0 60.0 60.0 70.0 70.0 70.0 70.0 70.0 70.0 70.0 340.0 340.0 340.0 340.0 340.0 340.0 340.0 340.0 350.0 350.0 350.0 350.0 350.0 350.0 350.0 340.0 340.0 340.0 340.0 340.0 340.0 340.0 340.0
170.0 170.0 170.0 170.0 170.0 170.0 170.0 240.0 240.0 240.0 240.0 240.0 240.0 240.0 240.0 350.0 350.0 350.0 350.0 350.0 350.0 350.0 40.0 40.0 40.0 40.0 40.0 40.0 40.0 40.0 70.0 70.0 70.0 70.0 70.0 70.0 70.0 70.0 70.0 70.0 70.0 70.0 70.0 70.0 70.0 80.0 80.0 80.0 80.0 80.0 80.0 80.0 80.0 100.0 100.0 100.0 100.0 100.0 100.0 100.0 130.0 130.0 130.0 130.0 130.0 130.0 130.0 130.0 120.0 120.0 120.0 120.0 120.0 120.0 120.0 90.0 90.0 90.0 90.0 90.0 90.0 90.0 90.0 90.0 90.0 90.0 90.0 90.0 90.0 90.0 60.0 60.0 60.0 60.0 60.0 60.0 60.0 60.0 60.0 60.0 60.0 60.0 60.0 60.0 60.0 60.0 60.0 60.0 60.0 60.0 60.0 60.0 60.0 70.0 70.0 70.0 70.0 70.0 70.0 70.0 340.0 340.0 340.0 340.0 340.0 340.0 340.0 340.0 350.0 350.0 350.0 350.0 350.0 350.0 350.0 340.0 340.0 340.0 340.0 340.0 340.0 340.0 340.0
170.0 170.0 170.0 170.0 170.0 170.0 170.0 240.0 240.0 240.0 240.0 240.0 240.0 240.0 240.0 350.0 350.0 350.0 350.0 350.0 350.0 350.0 40.0 40.0 40.0 40.0 40.0 40.0 40.0 40.0 70.0 70.0 70.0 70.0 70.0 70.0 70.0 70.0 70.0 70.0 70.0 70.0 70.0 70.0 70.0 80.0 80.0 80.0 80.0 80.0 80.0 80.0 80.0 100.0 100.0 100.0 100.0 100.0 100.0 100.0 130.0 130.0 130.0 130.0 130.0 130.0 130.0 130.0 120.0 120.0 120.0 120.0 120.0 120.0 120.0 90.0 90.0 90.0 90.0 90.0 90.0 90.0 90.0 90.0 90.0 90.0 90.0 90.0 90.0 90.0 60.0 60.0 60.0 60.0 60.0 60.0 60.0 60.0 60.0 60.0 60.0 60.0 60.0 60.0 60.0 60.0 60.0 60.0 60.0 60.0 60.0 60.0 60.0 70.0 70.0 70.0 70.0 70.0 70.0 70.0 340.0 340.0 340.0 340.0 340.0 340.0 340.0 340.0 350.0 350.0 350.0 350.0 350.0 350.0 350.0 340.0 340.0 340.0 340.0 340.0 340.0 340.0 340.0
170.0 170.0 170.0 170.0 170.0 170.0 170.0 240.0 240.0 240.0 240.0 240.0 240.0 240.0 240.0 350.0 350.0 350.0 350.0 350.0 350.0 350.0 40.0 40.0 40.0 40.0 40.0 40.0 40.0 40.0 70.0 70.0 70.0 70.0 70.0 70.0 70.0 70.0 70.0 70.0 70.0 70.0 70.0 70.0 70.0 80.0 80.0 80.0 80.0 80.0 80.0 80.0 80.0 100.0 100.0 100.0 100.0 100.0 100.0 100.0 130.0 130.0 130.0 130.0 130.0 130.0 130.0 130.0 120.0 120.0 120.0 120.0 120.0 120.0 120.0 90.0 90.0 90.0 90.0 90.0 90.0 90.0 90.0 90.0 90.0 90.0 90.0 90.0 90.0 90.0 60.0 60.0 60.0 60.0 60.0 60.0 60.0 60.0 60.0 60.0 60.0 60.0 60.0 60.0 60.0 60.0 60.0 60.0 60.0 60.0 60.0 60.0 60.0 70.0 70.0 70.0 70.0 70.0 70.0 70.0 340.0 340.0 340.0 340.0 340.0 340.0 340.0 340.0 350.0 350.0 350.0 350.0 350.0 350.0 350.0 340.0 340.0 340.0 340.0 340.0 340.0 340.0 340.0
170.0 170.0 170.0 170.0 170.0 170.0 170.0 240.0 240.0 240.0 240.0 240.0 240.0 240.0 240.0 350.0 350.0 350.0 350.0 350.0 350.0 350.0 40.0 40.0 40.0 40.0 40.0 40.0 40.0 40.0 70.0 70.0 70.0 70.0 70.0 70.0 70.0 70.0 70.0 70.0 70.0 70.0 70.0 70.0 70.0 80.0 80.0 80.0 80.0 80.0 80.0 80.0 80.0 100.0 100.0 100.0 100.0 100.0 100.0 100.0 130.0 130.0 130.0 130.0 130.0 130.0 130.0 130.0 120.0 120.0 120.0 120.0 120.0 120.0 120.0 90.0 90.0 90.0 90.0 90.0 90.0 90.0 90.0 90.0 90.0 90.0 90.0 90.0 90.0 90.0 60.0 60.0 60.0 60.0 60.0 60.0 60.0 60.0 60.0 60.0 60.0 60.0 60.0 60.0 60.0 60.0 60.0 60.0 60.0 60.0 60.0 60.0 60.0 70.0 70.0 70.0 70.0 70.0 70.0 70.0 340.0 340.0 340.0 340.0 340.0 340.0 340.0 340.0 350.0 350.0 350.0 350.0 350.0 350.0 350.0 340.0 340.0 340.0 340.0 340.0 340.0 340.0 340.0
170.0 170.0 170.0 170.0 170.0 170.0 170.0 240.0 240.0 240.0 240.0 240.0 240.0 240.0 240.0 350.0 350.0 350.0 350.0 350.0 350.0 350.0 40.0 40.0 40.0 40.0 40.0 40.0 40.0 40.0 70.0 70.0 70.0 70.0 70.0 70.0 70.0 70.0 70.0 70.0 70.0 70.0 70.0 70.0 70.0 80.0 80.0 80.0 80.0 80.0 80.0 80.0 80.0 100.0 100.0 100.0 100.0 100.0 100.0 100.0 130.0 130.0 130.0 130.0 130.0 130.0 130.0 130.0 120.0 120.0 120.0 120.0 120.0 120.0 120.0 90.0 90.0 90.0 90.0 90.0 90.0 90.0 90.0 90.0 90.0 90.0 90.0 90.0 90.0 90.0 60.0 60.0 60.0 60.0 60.0 60.0 60.0 60.0 60.0 60.0 60.0 60.0 60.0 60.0 60.0 60.0 60.0 60.0 60.0 60.0 60.0 60.0 60.0 70.0 70.0 70.0 70.0 70.0 70.0 70.0 340.0 340.0 340.0 340.0 340.0 340.0 340.0 340.0 350.0 350.0 350.0 350.0 350.0 350.0 350.0 340.0 340.0 340.0 340.0 340.0 340.0 340.0 340.0
170.0 170.0 170.0 170.0 170.0 170.0 170.0 240.0 240.0 240.0 240.0 240.0 240.0 240.0 240.0 350.0 350.0 350.0 350.0 350.0 350.0 350.0 40.0 40.0 40.0 40.0 40.0 40.0 40.0 40.0 70.0 70.0 70.0 70.0 70.0 70.0 70.0 70.0 70.0 70.0 70.0 70.0 70.0 70.0 70.0 80.0 80.0 80.0 80.0 80.0 80.0 80.0 80.0 100.0 100.0 100.0 100.0 100.0 100.0 100.0 130.0 130.0 130.0 130.0 130.0 130.0 130.0 130.0 120.0 120.0 120.0 120.0 120.0 120.0 120.0 90.0 90.0 90.0 90.0 90.0 90.0 90.0 90.0 90.0 90.0 90.0 90.0 90.0 90.0 90.0 60.0 60.0 60.0 60.0 60.0 60.0 60.0 60.0 60.0 60.0 60.0 60.0 60.0 60.0 60.0 60.0 60.0 60.0 60.0 60.0 60.0 60.0 60.0 70.0 70.0 70.0 70.0 70.0 70.0 70.0 340.0 340.0 340.0 340.0 340.0 340.0 340.0 340.0 350.0 350.0 350.0 350.0 350.0 350.0 350.0 340.0 340.0 340.0 340.0 340.0 340.0 340.0 340.0
170.0 170.0 170.0 170.0 170.0 170.0 170.0 240.0 240.0 240.0 240.0 240.0 240.0 240.0 240.0 350.0 350.0 350.0 350.0 350.0 350.0 350.0 40.0 40.0 40.0 40.0 40.0 40.0 40.0 40.0 70.0 70.0 70.0 70.0 70.0 70.0 70.0 70.0 70.0 70.0 70.0 70.0 70.0 70.0 70.0 80.0 80.0 80.0 80.0 80.0 80.0 80.0 80.0 100.0 100.0 100.0 100.0 100.0 100.0 100.0 130.0 130.0 130.0 130.0 130.0 130.0 130.0 130.0 120.0 120.0 120.0 120.0 120.0 120.0 120.0 90.0 90.0 90.0 90.0 90.0 90.0 90.0 90.0 90.0 90.0 90.0 90.0 90.0 90.0 90.0 60.0 60.0 60.0 60.0 60.0 60.0 60.0 60.0 60.0 60.0 60.0 60.0 60.0 60.0 60.0 60.0 60.0 60.0 60.0 60.0 60.0 60.0 60.0 70.0 70.0 70.0 70.0 70.0 70.0 70.0 340.0 340.0 340.0 340.0 340.0 340.0 340.0 340.0 350.0 350.0 350.0 350.0 350.0 350.0 350.0 340.0 340.0 340.0 340.0 340.0 340.0 340.0 340.0
170.0 170.0 170.0 170.0 170.0 170.0 170.0 240.0 240.0 240.0 240.0 240.0 240.0 240.0 240.0 350.0 350.0 350.0 350.0 350.0 350.0 350.0 40.0 40.0 40.0 40.0 40.0 40.0 40.0 40.0 70.0 70.0 70.0 70.0 70.0 70.0 70.0 70.0 70.0 70.0 70.0 70.0 70.0 70.0 70.0 80.0 80.0 80.0 80.0 80.0 80.0 80.0 80.0 100.0 100.0 100.0 100.0 100.0 100.0 100.0 130.0 130.0 130.0 130.0 130.0 130.0 130.0 130.0 120.0 120.0 120.0 120.0 120.0 120.0 120.0 90.0 90.0 90.0 90.0 90.0 90.0 90.0 90.0 90.0 90.0 90.0 90.0 90.0 90.0 90.0 60.0 60.0 60.0 60.0 60.0 60.0 60.0 60.0 60.0 60.0 60.0 60.0 60.0 60.0 60.0 60.0 60.0 60.0 60.0 60.0 60.0 60.0 60.0 70.0 70.0 70.0 70.0 70.0 70.0 70.0 340.0 340.0 340.0 340.0 340.0 340.0 340.0 340.0 350.0 350.0 350.0 350.0 350.0 350.0 350.0 340.0 340.0 340.0 340.0 340.0 340.0 340.0 340.0
170.0 170.0 170.0 170.0 170.0 170.0 170.0 240.0 240.0 240.0 240.0 240.0 240.0 240.0 240.0 350.0 350.0 350.0 350.0 350.0 350.0 350.0 40.0 40.0 40.0 40.0 40.0 40.0 40.0 40.0 70.0 70.0 70.0 70.0 70.0 70.0 70.0 70.0 70.0 70.0 70.0 70.0 70.0 70.0 70.0 80.0 80.0 80.0 80.0 80.0 80.0 80.0 80.0 100.0 100.0 100.0 100.0 100.0 100.0 100.0 130.0 130.0 130.0 130.0 130.0 130.0 130.0 130.0 120.0 120.0 120.0 120.0 120.0 120.0 120.0 90.0 90.0 90.0 90.0 90.0 90.0 90.0 90.0 90.0 90.0 90.0 90.0 90.0 90.0 90.0 60.0 60.0 60.0 60.0 60.0 60.0 60.0 60.0 60.0 60.0 60.0 60.0 60.0 60.0 60.0 60.0 60.0 60.0 60.0 60.0 60.0 60.0 60.0 70.0 70.0 70.0 70.0 70.0 70.0 70.0 340.0 340.0 340.0 340.0 340.0 340.0 340.0 340.0 350.0 350.0 350.0 350.0 350.0 350.0 350.0 340.0 340.0 340.0 340.0 340.0 340.0 340.0 340.0
170.0 170.0 170.0 170.0 170.0 170.0 170.0 240.0 240.0 240.0 240.0 240.0 240.0 240.0 240.0 350.0 350.0 350.0 350.0 350.0 350.0 350.0 40.0 40.0 40.0 40.0 40.0 40.0 40.0 40.0 70.0 70.0 70.0 70.0 70.0 70.0 70.0 70.0 70.0 70.0 70.0 70.0 70.0 70.0 70.0 80.0 80.0 80.0 80.0 80.0 80.0 80.0 80.0 100.0 100.0 100.0 100.0 100.0 100.0 100.0 130.0 130.0 130.0 130.0 130.0 130.0 130.0 130.0 120.0 120.0 120.0 120.0 120.0 120.0 120.0 90.0 90.0 90.0 90.0 90.0 90.0 90.0 90.0 90.0 90.0 90.0 90.0 90.0 90.0 90.0 60.0 60.0 60.0 60.0 60.0 60.0 60.0 60.0 60.0 60.0 60.0 60.0 60.0 60.0 60.0 60.0 60.0 60.0 60.0 60.0 60.0 60.0 60.0 70.0 70.0 70.0 70.0 70.0 70.0 70.0 340.0 340.0 340.0 340.0 340.0 340.0 340.0 340.0 350.0 350.0 350.0 350.0 350.0 350.0 350.0 340.0 340.0 340.0 340.0 340.0 340.0 340.0 340.0
250.0 250.0 250.0 250.0 250.0 250.0 250.0 290.0 290.0 290.0 290.0 290.0 290.0 290.0 290.0 320.0 320.0 320.0 320.0 320.0 320.0 320.0 9999.0 9999.0 9999.0 9999.0 9999.0 9999.0 9999.0 9999.0 20.0 20.0 20.0 20.0 20.0 20.0 20.0 20.0 30.0 30.0 30.0 30.0 30.0 30.0 30.0 30.0 30.0 30.0 30.0 30.0 30.0 30.0 30.0 60.0 60.0 60.0 60.0 60.0 60.0 60.0 50.0 50.0 50.0 50.0 50.0 50.0 50.0 50.0 80.0 80.0 80.0 80.0 80.0 80.0 80.0 90.0 90.0 90.0 90.0 90.0 90.0 90.0 90.0 90.0 90.0 90.0 90.0 90.0 90.0 90.0 50.0 50.0 50.0 50.0 50.0 50.0 50.0 50.0 50.0 50.0 50.0 50.0 50.0 50.0 50.0 20.0 20.0 20.0 20.0 20.0 20.0 20.0 20.0 30.0 30.0 30.0 30.0 30.0 30.0 30.0 9999.0 9999.0 9999.0 9999.0 9999.0 9999.0 9999.0 9999.0 340.0 340.0 340.0 340.0 340.0 340.0 340.0 310.0 310.0 310.0 310.0 310.0 310.0 310.0 310.0
250.0 250.0 250.0 250.0 250.0 250.0 250.0 290.0 290.0 290.0 290.0 290.0 290.0 290.0 290.0 320.0 320.0 320.0 320.0 320.0 320.0 320.0 9999.0 9999.0 9999.0 9999.0 9999.0 9999.0 9999.0 9999.0 20.0 20.0 20.0 20.0 20.0 20.0 20.0 20.0 30.0 30.0 30.0 30.0 30.0 30.0 30.0 30.0 30.0 30.0 30.0 30.0 30.0 30.0 30.0 60.0 60.0 60.0 60.0 60.0 60.0 60.0 50.0 50.0 50.0 50.0 50.0 50.0 50.0 50.0 80.0 80.0 80.0 80.0 80.0 80.0 80.0 90.0 90.0 90.0 90.0 90.0 90.0 90.0 90.0 90.0 90.0 90.0 90.0 90.0 90.0 90.0 50.0 50.0 50.0 50.0 50.0 50.0 50.0 50.0 50.0 50.0 50.0 50.0 50.0 50.0 50.0 20.0 20.0 20.0 20.0 20.0 20.0 20.0 20.0 30.0 30.0 30.0 30.0 30.0 30.0 30.0 9999.0 9999.0 9999.0 9999.0 9999.0 9999.0 9999.0 9999.0 340.0 340.0 340.0 340.0 340.0 340.0 340.0 310.0 310.0 310.0 310.0 310.0 310.0 310.0 310.0
250.0 250.0 250.0 250.0 250.0 250.0 250.0 290.0 290.0 290.0 290.0 290.0 290.0 290.0 290.0 320.0 320.0 320.0 320.0 320.0 320.0 320.0 9999.0 9999.0 9999.0 9999.0 9999.0 9999.0 9999.0 9999.0 20.0 20.0 20.0 20.0 20.0 20.0 20.0 20.0 30.0 30.0 30.0 30.0 30.0 30.0 30.0 30.0 30.0 30.0 30.0 30.0 30.0 30.0 30.0 60.0 60.0 60.0 60.0 60.0 60.0 60.0 50.0 50.0 50.0 50.0 50.0 50.0 50.0 50.0 80.0 80.0 80.0 80.0 80.0 80.0 80.0 90.0 90.0 90.0 90.0 90.0 90.0 90.0 90.0 90.0 90.0 90.0 90.0 90.0 90.0 90.0 50.0 50.0 50.0 50.0 50.0 50.0 50.0 50.0 50.0 50.0 50.0 50.0 50.0 50.0 50.0 20.0 20.0 20.0 20.0 20.0 20.0 20.0 20.0 30.0 30.0 30.0 30.0 30.0 30.0 30.0 9999.0 9999.0 9999.0 9999.0 9999.0 9999.0 9999.0 9999.0 340.0 340.0 340.0 340.0 340.0 340.0 340.0 310.0 310.0 310.0 310.0 310.0 310.0 310.0 310.0
250.0 250.0 250.0 250.0 250.0 250.0 250.0 290.0 290.0 290.0 290.0 290.0 290.0 290.0 290.0 320.0 320.0 320.0 320.0 320.0 320.0 320.0 9999.0 9999.0 9999.0 9999.0 9999.0 9999.0 9999.0 9999.0 20.0 20.0 20.0 20.0 20.0 20.0 20.0 20.0 30.0 30.0 30.0 30.0 30.0 30.0 30.0 30.0 30.0 30.0 30.0 30.0 30.0 30.0 30.0 60.0 60.0 60.0 60.0 60.0 60.0 60.0 50.0 50.0 50.0 50.0 50.0 50.0 50.0 50.0 80.0 80.0 80.0 80.0 80.0 80.0 80.0 90.0 90.0 90.0 90.0 90.0 90.0 90.0 90.0 90.0 90.0 90.0 90.0 90.0 90.0 90.0 50.0 50.0 50.0 50.0 50.0 50.0 50.0 50.0 50.0 50.0 50.0 50.0 50.0 50.0 50.0 20.0 20.0 20.0 20.0 20.0 20.0 20.0 20.0 30.0 30.0 30.0 30.0 30.0 30.0 30.0 9999.0 9999.0 9999.0 9999.0 9999.0 9999.0 9999.0 9999.0 340.0 340.0 340.0 340.0 340.0 340.0 340.0 310.0 310.0 310.0 310.0 310.0 310.0 310.0 310.0
250.0 250.0 250.0 250.0 250.0 250.0 250.0 290.0 290.0 290.0 290.0 290.0 290.0 290.0 290.0 320.0 320.0 320.0 320.0 320.0 320.0 320.0 9999.0 9999.0 9999.0 9999.0 9999.0 9999.0 9999.0 9999.0 20.0 20.0 20.0 20.0 20.0 20.0 20.0 20.0 30.0 30.0 30.0 30.0 30.0 30.0 30.0 30.0 30.0 30.0 30.0 30.0 30.0 30.0 30.0 60.0 60.0 60.0 60.0 60.0 60.0 60.0 50.0 50.0 50.0 50.0 50.0 50.0 50.0 50.0 80.0 80.0 80.0 80.0 80.0 80.0 80.0 90.0 90.0 90.0 90.0 90.0 90.0 90.0 90.0 90.0 90.0 90.0 90.0 90.0 90.0 90.0 50.0 50.0 50.0 50.0 50.0 50.0 50.0 50.0 50.0 50.0 50.0 50.0 50.0 50.0 50.0 20.0 20.0 20.0 20.0 20.0 20.0 20.0 20.0 30.0 30.0 30.0 30.0 30.0 30.0 30.0 9999.0 9999.0 9999.0 9999.0 9999.0 9999.0 9999.0 9999.0 340.0 340.0 340.0 340.0 340.0 340.0 340.0 310.0 310.0 310.0 310.0 310.0 310.0 310.0 310.0
250.0 250.0 250.0 250.0 250.0 250.0 250.0 290.0 290.0 290.0 290.0 290.0 290.0 290.0 290.0 320.0 320.0 320.0 320.0 320.0 320.0 320.0 9999.0 9999.0 9999.0 9999.0 9999.0 9999.0 9999.0 9999.0 20.0 20.0 20.0 20.0 20.0 20.0 20.0 20.0 30.0 30.0 30.0 30.0 30.0 30.0 30.0 30.0 30.0 30.0 30.0 30.0 30.0 30.0 30.0 60.0 60.0 60.0 60.0 60.0 60.0 60.0 50.0 50.0 50.0 50.0 50.0 50.0 50.0 50.0 80.0 80.0 80.0 80.0 80.0 80.0 80.0 90.0 90.0 90.0 90.0 90.0 90.0 90.0 90.0 90.0 90.0 90.0 90.0 90.0 90.0 90.0 50.0 50.0 50.0 50.0 50.0 50.0 50.0 50.0 50.0 50.0 50.0 50.0 50.0 50.0 50.0 20.0 20.0 20.0 20.0 20.0 20.0 20.0 20.0 30.0 30.0 30.0 30.0 30.0 30.0 30.0 9999.0 9999.0 9999.0 9999.0 9999.0 9999.0 9999.0 9999.0 340.0 340.0 340.0 340.0 340.0 340.0 340.0 310.0 310.0 310.0 310.0 310.0 310.0 310.0 310.0
250.0 250.0 250.0 250.0 250.0 250.0 250.0 290.0 290.0 290.0 290.0 290.0 290.0 290.0 290.0 320.0 320.0 320.0 320.0 320.0 320.0 320.0 9999.0 9999.0 9999.0 9999.0 9999.0 9999.0 9999.0 9999.0 20.0 20.0 20.0 20.0 20.0 20.0 20.0 20.0 30.0 30.0 30.0 30.0 30.0 30.0 30.0 30.0 30.0 30.0 30.0 30.0 30.0 30.0 30.0 60.0 60.0 60.0 60.0 60.0 60.0 60.0 50.0 50.0 50.0 50.0 50.0 50.0 50.0 50.0 80.0 80.0 80.0 80.0 80.0 80.0 80.0 90.0 90.0 90.0 90.0 90.0 90.0 90.0 90.0 90.0 90.0 90.0 90.0 90.0 90.0 90.0 50.0 50.0 50.0 50.0 50.0 50.0 50.0 50.0 50.0 50.0 50.0 50.0 50.0 50.0 50.0 20.0 20.0 20.0 20.0 20.0 20.0 20.0 20.0 30.0 30.0 30.0 30.0 30.0 30.0 30.0 9999.0 9999.0 9999.0 9999.0 9999.0 9999.0 9999.0 9999.0 340.0 340.0 340.0 340.0 340.0 340.0 340.0 310.0 310.0 310.0 310.0 310.0 310.0 310.0 310.0
340.0 340.0 340.0 340.0 340.0 340.0 340.0 320.0 320.0 320.0 320.0 320.0 320.0 320.0 320.0 340.0 340.0 340.0 340.0 340.0 340.0 340.0 360.0 360.0 360.0 360.0 360.0 360.0 360.0 360.0 10.0 10.0 10.0 10.0 10.0 10.0 10.0 10.0 10.0 10.0 10.0 10.0 10.0 10.0 10.0 40.0 40.0 40.0 40.0 40.0 40.0 40.0 40.0 60.0 60.0 60.0 60.0 60.0 60.0 60.0 60.0 60.0 60.0 60.0 60.0 60.0 60.0 60.0 60.0 60.0 60.0 60.0 60.0 60.0 60.0 100.0 100.0 100.0 100.0 100.0 100.0 100.0 100.0 90.0 90.0 90.0 90.0 90.0 90.0 90.0 40.0 40.0 40.0 40.0 40.0 40.0 40.0 40.0 40.0 40.0 40.0 40.0 40.0 40.0 40.0 20.0 20.0 20.0 20.0 20.0 20.0 20.0 20.0 360.0 360.0 360.0 360.0 360.0 360.0 360.0 360.0 360.0 360.0 360.0 360.0 360.0 360.0 360.0 330.0 330.0 330.0 330.0 330.0 330.0 330.0 310.0 310.0 310.0 310.0 310.0 310.0 310.0 310.0
340.0 340.0 340.0 340.0 340.0 340.0 340.0 320.0 320.0 320.0 320.0 320.0 320.0 320.0 320.0 340.0 340.0 340.0 340.0 340.0 340.0 340.0 360.0 360.0 360.0 360.0 360.0 360.0 360.0 360.0 10.0 10.0 10.0 10.0 10.0 10.0 10.0 10.0 10.0 10.0 10.0 10.0 10.0 10.0 10.0 40.0 40.0 40.0 40.0 40.0 40.0 40.0 40.0 60.0 60.0 60.0 60.0 60.0 60.0 60.0 60.0 60.0 60.0 60.0 60.0 60.0 60.0 60.0 60.0 60.0 60.0 60.0 60.0 60.0 60.0 100.0 100.0 100.0 100.0 100.0 100.0 100.0 100.0 90.0 90.0 90.0 90.0 90.0 90.0 90.0 40.0 40.0 40.0 40.0 40.0 40.0 40.0 40.0 40.0 40.0 40.0 40.0 40.0 40.0 40.0 20.0 20.0 20.0 20.0 20.0 20.0 20.0 20.0 360.0 360.0 360.0 360.0 360.0 360.0 360.0 360.0 360.0 360.0 360.0 360.0 360.0 360.0 360.0 330.0 330.0 330.0 330.0 330.0 330.0 330.0 310.0 310.0 310.0 310.0 310.0 310.0 310.0 310.0
340.0 340.0 340.0 340.0 340.0 340.0 340.0 320.0 320.0 320.0 320.0 320.0 320.0 320.0 320.0 340.0 340.0 340.0 340.0 340.0 340.0 340.0 360.0 360.0 360.0 360.0 360.0 360.0 360.0 360.0 10.0 10.0 10.0 10.0 10.0 10.0 10.0 10.0 10.0 10.0 10.0 10.0 10.0 10.0 10.0 40.0 40.0 40.0 40.0 40.0 40.0 40.0 40.0 60.0 60.0 60.0 60.0 60.0 60.0 60.0 60.0 60.0 60.0 60.0 60.0 60.0 60.0 60.0 60.0 60.0 60.0 60.0 60.0 60.0 60.0 100.0 100.0 100.0 100.0 100.0 100.0 100.0 100.0 90.0 90.0 90.0 90.0 90.0 90.0 90.0 40.0 40.0 40.0 40.0 40.0 40.0 40.0 40.0 40.0 40.0 40.0 40.0 40.0 40.0 40.0 20.0 20.0 20.0 20.0 20.0 20.0 20.0 20.0 360.0 360.0 360.0 360.0 360.0 360.0 360.0 360.0 360.0 360.0 360.0 360.0 360.0 360.0 360.0 330.0 330.0 330.0 330.0 330.0 330.0 330.0 310.0 310.0 310.0 310.0 310.0 310.0 310.0 310.0
340.0 340.0 340.0 340.0 340.0 340.0 340.0 320.0 320.0 320.0 320.0 320.0 320.0 320.0 320.0 340.0 340.0 340.0 340.0 340.0 340.0 340.0 360.0 360.0 360.0 360.0 360.0 360.0 360.0 360.0 10.0 10.0 10.0 10.0 10.0 10.0 10.0 10.0 10.0 10.0 10.0 10.0 10.0 10.0 10.0 40.0 40.0 40.0 40.0 40.0 40.0 40.0 40.0 60.0 60.0 60.0 60.0 60.0 60.0 60.0 60.0 60.0 60.0 60.0 60.0 60.0 60.0 60.0 60.0 60.0 60.0 60.0 60.0 60.0 60.0 100.0 100.0 100.0 100.0 100.0 100.0 100.0 100.0 90.0 90.0 90.0 90.0 90.0 90.0 90.0 40.0 40.0 40.0 40.0 40.0 40.0 40.0 40.0 40.0 40.0 40.0 40.0 40.0 40.0 40.0 20.0 20.0 20.0 20.0 20.0 20.0 20.0 20.0 360.0 360.0 360.0 360.0 360.0 360.0 360.0 360.0 360.0 360.0 360.0 360.0 360.0 360.0 360.0 330.0 330.0 330.0 330.0 330.0 330.0 330.0 310.0 310.0 310.0 310.0 310.0 310.0 310.0 310.0
340.0 340.0 340.0 340.0 340.0 340.0 340.0 320.0 320.0 320.0 320.0 320.0 320.0 320.0 320.0 340.0 340.0 340.0 340.0 340.0 340.0 340.0 360.0 360.0 360.0 360.0 360.0 360.0 360.0 360.0 10.0 10.0 10.0 10.0 10.0 10.0 10.0 10.0 10.0 10.0 10.0 10.0 10.0 10.0 10.0 40.0 40.0 40.0 40.0 40.0 40.0 40.0 40.0 60.0 60.0 60.0 60.0 60.0 60.0 60.0 60.0 60.0 60.0 60.0 60.0 60.0 60.0 60.0 60.0 60.0 60.0 60.0 60.0 60.0 60.0 100.0 100.0 100.0 100.0 100.0 100.0 100.0 100.0 90.0 90.0 90.0 90.0 90.0 90.0 90.0 40.0 40.0 40.0 40.0 40.0 40.0 40.0 40.0 40.0 40.0 40.0 40.0 40.0 40.0 40.0 20.0 20.0 20.0 20.0 20.0 20.0 20.0 20.0 360.0 360.0 360.0 360.0 360.0 360.0 360.0 360.0 360.0 360.0 360.0 360.0 360.0 360.0 360.0 330.0 330.0 330.0 330.0 330.0 330.0 330.0 310.0 310.0 310.0 310.0 310.0 310.0 310.0 310.0
340.0 340.0 340.0 340.0 340.0 340.0 340.0 320.0 320.0 320.0 320.0 320.0 320.0 320.0 320.0 340.0 340.0 340.0 340.0 340.0 340.0 340.0 360.0 360.0 360.0 360.0 360.0 360.0 360.0 360.0 10.0 10.0 10.0 10.0 10.0 10.0 10.0 10.0 10.0 10.0 10.0 10.0 10.0 10.0 10.0 40.0 40.0 40.0 40.0 40.0 40.0 40.0 40.0 60.0 60.0 60.0 60.0 60.0 60.0 60.0 60.0 60.0 60.0 60.0 60.0 60.0 60.0 60.0 60.0 60.0 60.0 60.0 60.0 60.0 60.0 100.0 100.0 100.0 100.0 100.0 100.0 100.0 100.0 90.0 90.0 90.0 90.0 90.0 90.0 90.0 40.0 40.0 40.0 40.0 40.0 40.0 40.0 40.0 40.0 40.0 40.0 40.0 40.0 40.0 40.0 20.0 20.0 20.0 20.0 20.0 20.0 20.0 20.0 360.0 360.0 360.0 360.0 360.0 360.0 360.0 360.0 360.0 360.0 360.0 360.0 360.0 360.0 360.0 330.0 330.0 330.0 330.0 330.0 330.0 330.0 310.0 310.0 310.0 310.0 310.0 310.0 310.0 310.0
340.0 340.0 340.0 340.0 340.0 340.0 340.0 320.0 320.0 320.0 320.0 320.0 320.0 320.0 320.0 340.0 340.0 340.0 340.0 340.0 340.0 340.0 360.0 360.0 360.0 360.0 360.0 360.0 360.0 360.0 10.0 10.0 10.0 10.0 10.0 10.0 10.0 10.0 10.0 10.0 10.0 10.0 10.0 10.0 10.0 40.0 40.0 40.0 40.0 40.0 40.0 40.0 40.0 60.0 60.0 60.0 60.0 60.0 60.0 60.0 60.0 60.0 60.0 60.0 60.0 60.0 60.0 60.0 60.0 60.0 60.0 60.0 60.0 60.0 60.0 100.0 100.0 100.0 100.0 100.0 100.0 100.0 100.0 90.0 90.0 90.0 90.0 90.0 90.0 90.0 40.0 40.0 40.0 40.0 40.0 40.0 40.0 40.0 40.0 40.0 40.0 40.0 40.0 40.0 40.0 20.0 20.0 20.0 20.0 20.0 20.0 20.0 20.0 360.0 360.0 360.0 360.0 360.0 360.0 360.0 360.0 360.0 360.0 360.0 360.0 360.0 360.0 360.0 330.0 330.0 330.0 330.0 330.0 330.0 330.0 310.0 310.0 310.0 310.0 310.0 310.0 310.0 310.0
340.0 340.0 340.0 340.0 340.0 340.0 340.0 320.0 320.0 320.0 320.0 320.0 320.0 320.0 320.0 340.0 340.0 340.0 340.0 340.0 340.0 340.0 360.0 360.0 360.0 360.0 360.0 360.0 360.0 360.0 10.0 10.0 10.0 10.0 10.0 10.0 10.0 10.0 10.0 10.0 10.0 10.0 10.0 10.0 10.0 40.0 40.0 40.0 40.0 40.0 40.0 40.0 40.0 60.0 60.0 60.0 60.0 60.0 60.0 60.0 60.0 60.0 60.0 60.0 60.0 60.0 60.0 60.0 60.0 60.0 60.0 60.0 60.0 60.0 60.0 100.0 100.0 100.0 100.0 100.0 100.0 100.0 100.0 90.0 90.0 90.0 90.0 90.0 90.0 90.0 40.0 40.0 40.0 40.0 40.0 40.0 40.0 40.0 40.0 40.0 40.0 40.0 40.0 40.0 40.0 20.0 20.0 20.0 20.0 20.0 20.0 20.0 20.0 360.0 360.0 360.0 360.0 360.0 360.0 360.0 360.0 360.0 360.0 360.0 360.0 360.0 360.0 360.0 330.0 330.0 330.0 330.0 330.0 330.0 330.0 310.0 310.0 310.0 310.0 310.0 310.0 310.0 310.0
360.0 360.0 360.0 360.0 360.0 360.0 360.0 340.0 340.0 340.0 340.0 340.0 340.0 340.0 340.0 340.0 340.0 340.0 340.0 340.0 340.0 340.0 350.0 350.0 350.0 350.0 350.0 350.0 350.0 350.0 9999.0 9999.0 9999.0 9999.0 9999.0 9999.0 9999.0 9999.0 9999.0 9999.0 9999.0 9999.0 9999.0 9999.0 9999.0 40.0 40.0 40.0 40.0 40.0 40.0 40.0 40.0 40.0 40.0 40.0 40.0 40.0 40.0 40.0 40.0 40.0 40.0 40.0 40.0 40.0 40.0 40.0 50.0 50.0 50.0 50.0 50.0 50.0 50.0 80.0 80.0 80.0 80.0 80.0 80.0 80.0 80.0 80.0 80.0 80.0 80.0 80.0 80.0 80.0 30.0 30.0 30.0 30.0 30.0 30.0 30.0 30.0 30.0 30.0 30.0 30.0 30.0 30.0 30.0 10.0 10.0 10.0 10.0 10.0 10.0 10.0 10.0 350.0 350.0 350.0 350.0 350.0 350.0 350.0 9999.0 9999.0 9999.0 9999.0 9999.0 9999.0 9999.0 9999.0 340.0 340.0 340.0 340.0 340.0 340.0 340.0 330.0 330.0 330.0 330.0 330.0 330.0 330.0 330.0
360.0 360.0 360.0 360.0 360.0 360.0 360.0 340.0 340.0 340.0 340.0 340.0 340.0 340.0 340.0 340.0 340.0 340.0 340.0 340.0 340.0 340.0 350.0 350.0 350.0 350.0 350.0 350.0 350.0 350.0 9999.0 9999.0 9999.0 9999.0 9999.0 9999.0 9999.0 9999.0 9999.0 9999.0 9999.0 9999.0 9999.0 9999.0 9999.0 40.0 40.0 40.0 40.0 40.0 40.0 40.0 40.0 40.0 40.0 40.0 40.0 40.0 40.0 40.0 40.0 40.0 40.0 40.0 40.0 40.0 40.0 40.0 50.0 50.0 50.0 50.0 50.0 50.0 50.0 80.0 80.0 80.0 80.0 80.0 80.0 80.0 80.0 80.0 80.0 80.0 80.0 80.0 80.0 80.0 30.0 30.0 30.0 30.0 30.0 30.0 30.0 30.0 30.0 30.0 30.0 30.0 30.0 30.0 30.0 10.0 10.0 10.0 10.0 10.0 10.0 10.0 10.0 350.0 350.0 350.0 350.0 350.0 350.0 350.0 9999.0 9999.0 9999.0 9999.0 9999.0 9999.0 9999.0 9999.0 340.0 340.0 340.0 340.0 340.0 340.0 340.0 330.0 330.0 330.0 330.0 330.0 330.0 330.0 330.0
360.0 360.0 360.0 360.0 360.0 360.0 360.0 340.0 340.0 340.0 340.0 340.0 340.0 340.0 340.0 340.0 340.0 340.0 340.0 340.0 340.0 340.0 350.0 350.0 350.0 350.0 350.0 350.0 350.0 350.0 9999.0 9999.0 9999.0 9999.0 9999.0 9999.0 9999.0 9999.0 9999.0 9999.0 9999.0 9999.0 9999.0 9999.0 9999.0 40.0 40.0 40.0 40.0 40.0 40.0 40.0 40.0 40.0 40.0 40.0 40.0 40.0 40.0 40.0 40.0 40.0 40.0 40.0 40.0 40.0 40.0 40.0 50.0 50.0 50.0 50.0 50.0 50.0 50.0 80.0 80.0 80.0 80.0 80.0 80.0 80.0 80.0 80.0 80.0 80.0 80.0 80.0 80.0 80.0 30.0 30.0 30.0 30.0 30.0 30.0 30.0 30.0 30.0 30.0 30.0 30.0 30.0 30.0 30.0 10.0 10.0 10.0 10.0 10.0 10.0 10.0 10.0 350.0 350.0 350.0 350.0 350.0 350.0 350.0 9999.0 9999.0 9999.0 9999.0 9999.0 9999.0 9999.0 9999.0 340.0 340.0 340.0 340.0 340.0 340.0 340.0 330.0 330.0 330.0 330.0 330.0 330.0 330.0 330.0
360.0 360.0 360.0 360.0 360.0 360.0 360.0 340.0 340.0 340.0 340.0 340.0 340.0 340.0 340.0 340.0 340.0 340.0 340.0 340.0 340.0 340.0 350.0 350.0 350.0 350.0 350.0 350.0 350.0 350.0 9999.0 9999.0 9999.0 9999.0 9999.0 9999.0 9999.0 9999.0 9999.0 9999.0 9999.0 9999.0 9999.0 9999.0 9999.0 40.0 40.0 40.0 40.0 40.0 40.0 40.0 40.0 40.0 40.0 40.0 40.0 40.0 40.0 40.0 40.0 40.0 40.0 40.0 40.0 40.0 40.0 40.0 50.0 50.0 50.0 50.0 50.0 50.0 50.0 80.0 80.0 80.0 80.0 80.0 80.0 80.0 80.0 80.0 80.0 80.0 80.0 80.0 80.0 80.0 30.0 30.0 30.0 30.0 30.0 30.0 30.0 30.0 30.0 30.0 30.0 30.0 30.0 30.0 30.0 10.0 10.0 10.0 10.0 10.0 10.0 10.0 10.0 350.0 350.0 350.0 350.0 350.0 350.0 350.0 9999.0 9999.0 9999.0 9999.0 9999.0 9999.0 9999.0 9999.0 340.0 340.0 340.0 340.0 340.0 340.0 340.0 330.0 330.0 330.0 330.0 330.0 330.0 330.0 330.0
360.0 360.0 360.0 360.0 360.0 360.0 360.0 340.0 340.0 340.0 340.0 340.0 340.0 340.0 340.0 340.0 340.0 340.0 340.0 340.0 340.0 340.0 350.0 350.0 350.0 350.0 350.0 350.0 350.0 350.0 9999.0 9999.0 9999.0 9999.0 9999.0 9999.0 9999.0 9999.0 9999.0 9999.0 9999.0 9999.0 9999.0 9999.0 9999.0 40.0 40.0 40.0 40.0 40.0 40.0 40.0 40.0 40.0 40.0 40.0 40.0 40.0 40.0 40.0 40.0 40.0 40.0 40.0 40.0 40.0 40.0 40.0 50.0 50.0 50.0 50.0 50.0 50.0 50.0 80.0 80.0 80.0 80.0 80.0 80.0 80.0 80.0 80.0 80.0 80.0 80.0 80.0 80.0 80.0 30.0 30.0 30.0 30.0 30.0 30.0 30.0 30.0 30.0 30.0 30.0 30.0 30.0 30.0 30.0 10.0 10.0 10.0 10.0 10.0 10.0 10.0 10.0 350.0 350.0 350.0 350.0 350.0 350.0 350.0 9999.0 9999.0 9999.0 9999.0 9999.0 9999.0 9999.0 9999.0 340.0 340.0 340.0 340.0 340.0 340.0 340.0 330.0 330.0 330.0 330.0 330.0 330.0 330.0 330.0
360.0 360.0 360.0 360.0 360.0 360.0 360.0 340.0 340.0 340.0 340.0 340.0 340.0 340.0 340.0 340.0 340.0 340.0 340.0 340.0 340.0 340.0 350.0 350.0 350.0 350.0 350.0 350.0 350.0 350.0 9999.0 9999.0 9999.0 9999.0 9999.0 9999.0 9999.0 9999.0 9999.0 9999.0 9999.0 9999.0 9999.0 9999.0 9999.0 40.0 40.0 40.0 40.0 40.0 40.0 40.0 40.0 40.0 40.0 40.0 40.0 40.0 40.0 40.0 40.0 40.0 40.0 40.0 40.0 40.0 40.0 40.0 50.0 50.0 50.0 50.0 50.0 50.0 50.0 80.0 80.0 80.0 80.0 80.0 80.0 80.0 80.0 80.0 80.0 80.0 80.0 80.0 80.0 80.0 30.0 30.0 30.0 30.0 30.0 30.0 30.0 30.0 30.0 30.0 30.0 30.0 30.0 30.0 30.0 10.0 10.0 10.0 10.0 10.0 10.0 10.0 10.0 350.0 350.0 350.0 350.0 350.0 350.0 350.0 9999.0 9999.0 9999.0 9999.0 9999.0 9999.0 9999.0 9999.0 340.0 340.0 340.0 340.0 340.0 340.0 340.0 330.0 330.0 330.0 330.0 330.0 330.0 330.0 330.0
360.0 360.0 360.0 360.0 360.0 360.0 360.0 340.0 340.0 340.0 340.0 340.0 340.0 340.0 340.0 340.0 340.0 340.0 340.0 340.0 340.0 340.0 350.0 350.0 350.0 350.0 350.0 350.0 350.0 350.0 9999.0 9999.0 9999.0 9999.0 9999.0 9999.0 9999.0 9999.0 9999.0 9999.0 9999.0 9999.0 9999.0 9999.0 9999.0 40.0 40.0 40.0 40.0 40.0 40.0 40.0 40.0 40.0 40.0 40.0 40.0 40.0 40.0 40.0 40.0 40.0 40.0 40.0 40.0 40.0 40.0 40.0 50.0 50.0 50.0 50.0 50.0 50.0 50.0 80.0 80.0 80.0 80.0 80.0 80.0 80.0 80.0 80.0 80.0 80.0 80.0 80.0 80.0 80.0 30.0 30.0 30.0 30.0 30.0 30.0 30.0 30.0 30.0 30.0 30.0 30.0 30.0 30.0 30.0 10.0 10.0 10.0 10.0 10.0 10.0 10.0 10.0 350.0 350.0 350.0 350.0 350.0 350.0 350.0 9999.0 9999.0 9999.0 9999.0 9999.0 9999.0 9999.0 9999.0 340.0 340.0 340.0 340.0 340.0 340.0 340.0 330.0 330.0 330.0 330.0 330.0 330.0 330.0 330.0
350.0 350.0 350.0 350.0 350.0 350.0 350.0 340.0 340.0 340.0 340.0 340.0 340.0 340.0 340.0 340.0 340.0 340.0 340.0 340.0 340.0 340.0 340.0 340.0 340.0 340.0 340.0 340.0 340.0 340.0 350.0 350.0 350.0 350.0 350.0 350.0 350.0 350.0 350.0 350.0 350.0 350.0 350.0 350.0 350.0 20.0 20.0 20.0 20.0 20.0 20.0 20.0 20.0 20.0 20.0 20.0 20.0 20.0 20.0 20.0 10.0 10.0 10.0 10.0 10.0 10.0 10.0 10.0 9999.0 9999.0 9999.0 9999.0 9999.0 9999.0 9999.0 20.0 20.0 20.0 20.0 20.0 20.0 20.0 20.0 280.0 280.0 280.0 280.0 280.0 280.0 280.0 350.0 350.0 350.0 350.0 350.0 350.0 350.0 350.0 350.0 350.0 350.0 350.0 350.0 350.0 350.0 350.0 350.0 350.0 350.0 350.0 350.0 350.0 350.0 9999.0 9999.0 9999.0 9999.0 9999.0 9999.0 9999.0 350.0 350.0 350.0 350.0 350.0 350.0 350.0 350.0 9999.0 9999.0 9999.0 9999.0 9999.0 9999.0 9999.0 350.0 350.0 350.0 350.0 350.0 350.0 350.0 350.0
350.0 350.0 350.0 350.0 350.0 350.0 350.0 340.0 340.0 340.0 340.0 340.0 340.0 340.0 340.0 340.0 340.0 340.0 340.0 340.0 340.0 340.0 340.0 340.0 340.0 340.0 340.0 340.0 340.0 340.0 350.0 350.0 350.0 350.0 350.0 350.0 350.0 350.0 350.0 350.0 350.0 350.0 350.0 350.0 350.0 20.0 20.0 20.0 20.0 20.0 20.0 20.0 20.0 20.0 20.0 20.0 20.0 20.0 20.0 20.0 10.0 10.0 10.0 10.0 10.0 10.0 10.0 10.0 9999.0 9999.0 9999.0 9999.0 9999.0 9999.0 9999.0 20.0 20.0 20.0 20.0 20.0 20.0 20.0 20.0 280.0 280.0 280.0 280.0 280.0 280.0 280.0 350.0 350.0 350.0 350.0 350.0 350.0 350.0 350.0 350.0 350.0 350.0 350.0 350.0 350.0 350.0 350.0 350.0 350.0 350.0 350.0 350.0 350.0 350.0 9999.0 9999.0 9999.0 9999.0 9999.0 9999.0 9999.0 350.0 350.0 350.0 350.0 350.0 350.0 350.0 350.0 9999.0 9999.0 9999.0 9999.0 9999.0 9999.0 9999.0 350.0 350.0 350.0 350.0 350.0 350.0 350.0 350.0
350.0 350.0 350.0 350.0 350.0 350.0 350.0 340.0 340.0 340.0 340.0 340.0 340.0 340.0 340.0 340.0 340.0 340.0 340.0 340.0 340.0 340.0 340.0 340.0 340.0 340.0 340.0 340.0 340.0 340.0 350.0 350.0 350.0 350.0 350.0 350.0 350.0 350.0 350.0 350.0 350.0 350.0 350.0 350.0 350.0 20.0 20.0 20.0 20.0 20.0 20.0 20.0 20.0 20.0 20.0 20.0 20.0 20.0 20.0 20.0 10.0 10.0 10.0 10.0 10.0 10.0 10.0 10.0 9999.0 9999.0 9999.0 9999.0 9999.0 9999.0 9999.0 20.0 20.0 20.0 20.0 20.0 20.0 20.0 20.0 280.0 280.0 280.0 280.0 280.0 280.0 280.0 350.0 350.0 350.0 350.0 350.0 350.0 350.0 350.0 350.0 350.0 350.0 350.0 350.0 350.0 350.0 350.0 350.0 350.0 350.0 350.0 350.0 350.0 350.0 9999.0 9999.0 9999.0 9999.0 9999.0 9999.0 9999.0 350.0 350.0 350.0 350.0 350.0 350.0 350.0 350.0 9999.0 9999.0 9999.0 9999.0 9999.0 9999.0 9999.0 350.0 350.0 350.0 350.0 350.0 350.0 350.0 350.0
350.0 350.0 350.0 350.0 350.0 350.0 350.0 340.0 340.0 340.0 340.0 340.0 340.0 340.0 340.0 340.0 340.0 340.0 340.0 340.0 340.0 340.0 340.0 340.0 340.0 340.0 340.0 340.0 340.0 340.0 350.0 350.0 350.0 350.0 350.0 350.0 350.0 350.0 350.0 350.0 350.0 350.0 350.0 350.0 350.0 20.0 20.0 20.0 20.0 20.0 20.0 20.0 20.0 20.0 20.0 20.0 20.0 20.0 20.0 20.0 10.0 10.0 10.0 10.0 10.0 10.0 10.0 10.0 9999.0 9999.0 9999.0 9999.0 9999.0 9999.0 9999.0 20.0 20.0 20.0 20.0 20.0 20.0 20.0 20.0 280.0 280.0 280.0 280.0 280.0 280.0 280.0 350.0 350.0 350.0 350.0 350.0 350.0 350.0 350.0 350.0 350.0 350.0 350.0 350.0 350.0 350.0 350.0 350.0 350.0 350.0 350.0 350.0 350.0 350.0 9999.0 9999.0 9999.0 9999.0 9999.0 9999.0 9999.0 350.0 350.0 350.0 350.0 350.0 350.0 350.0 350.0 9999.0 9999.0 9999.0 9999.0 9999.0 9999.0 9999.0 350.0 350.0 350.0 350.0 350.0 350.0 350.0 350.0
350.0 350.0 350.0 350.0 350.0 350.0 350.0 340.0 340.0 340.0 340.0 340.0 340.0 340.0 340.0 340.0 340.0 340.0 340.0 340.0 340.0 340.0 340.0 340.0 340.0 340.0 340.0 340.0 340.0 340.0 350.0 350.0 350.0 350.0 350.0 350.0 350.0 350.0 350.0 350.0 350.0 350.0 350.0 350.0 350.0 20.0 20.0 20.0 20.0 20.0 20.0 20.0 20.0 20.0 20.0 20.0 20.0 20.0 20.0 20.0 10.0 10.0 10.0 10.0 10.0 10.0 10.0 10.0 9999.0 9999.0 9999.0 9999.0 9999.0 9999.0 9999.0 20.0 20.0 20.0 20.0 20.0 20.0 20.0 20.0 280.0 280.0 280.0 280.0 280.0 280.0 280.0 350.0 350.0 350.0 350.0 350.0 350.0 350.0 350.0 350.0 350.0 350.0 350.0 350.0 350.0 350.0 350.0 350.0 350.0 350.0 350.0 350.0 350.0 350.0 9999.0 9999.0 9999.0 9999.0 9999.0 9999.0 9999.0 350.0 350.0 350.0 350.0 350.0 350.0 350.0 350.0 9999.0 9999.0 9999.0 9999.0 9999.0 9999.0 9999.0 350.0 350.0 350.0 350.0 350.0 350.0 350.0 350.0
350.0 350.0 350.0 350.0 350.0 350.0 350.0 340.0 340.0 340.0 340.0 340.0 340.0 340.0 340.0 340.0 340.0 340.0 340.0 340.0 340.0 340.0 340.0 340.0 340.0 340.0 340.0 340.0 340.0 340.0 350.0 350.0 350.0 350.0 350.0 350.0 350.0 350.0 350.0 350.0 350.0 350.0 350.0 350.0 350.0 20.0 20.0 20.0 20.0 20.0 20.0 20.0 20.0 20.0 20.0 20.0 20.0 20.0 20.0 20.0 10.0 10.0 10.0 10.0 10.0 10.0 10.0 10.0 9999.0 9999.0 9999.0 9999.0 9999.0 9999.0 9999.0 20.0 20.0 20.0 20.0 20.0 20.0 20.0 20.0 280.0 280.0 280.0 280.0 280.0 280.0 280.0 350.0 350.0 350.0 350.0 350.0 350.0 350.0 350.0 350.0 350.0 350.0 350.0 350.0 350.0 350.0 350.0 350.0 350.0 350.0 350.0 350.0 350.0 350.0 9999.0 9999.0 9999.0 9999.0 9999.0 9999.0 9999.0 350.0 350.0 350.0 350.0 350.0 350.0 350.0 350.0 9999.0 9999.0 9999.0 9999.0 9999.0 9999.0 9999.0 350.0 350.0 350.0 350.0 350.0 350.0 350.0 350.0
350.0 350.0 350.0 350.0 350.0 350.0 350.0 340.0 340.0 340.0 340.0 340.0 340.0 340.0 340.0 340.0 340.0 340.0 340.0 340.0 340.0 340.0 340.0 340.0 340.0 340.0 340.0 340.0 340.0 340.0 350.0 350.0 350.0 350.0 350.0 350.0 350.0 350.0 350.0 350.0 350.0 350.0 350.0 350.0 350.0 20.0 20.0 20.0 20.0 20.0 20.0 20.0 20.0 20.0 20.0 20.0 20.0 20.0 20.0 20.0 10.0 10.0 10.0 10.0 10.0 10.0 10.0 10.0 9999.0 9999.0 9999.0 9999.0 9999.0 9999.0 9999.0 20.0 20.0 20.0 20.0 20.0 20.0 20.0 20.0 280.0 280.0 280.0 280.0 280.0 280.0 280.0 350.0 350.0 350.0 350.0 350.0 350.0 350.0 350.0 350.0 350.0 350.0 350.0 350.0 350.0 350.0 350.0 350.0 350.0 350.0 350.0 350.0 350.0 350.0 9999.0 9999.0 9999.0 9999.0 9999.0 9999.0 9999.0 350.0 350.0 350.0 350.0 350.0 350.0 350.0 350.0 9999.0 9999.0 9999.0 9999.0 9999.0 9999.0 9999.0 350.0 350.0 350.0 350.0 350.0 350.0 350.0 350.0
350.0 350.0 350.0 350.0 350.0 350.0 350.0 340.0 340.0 340.0 340.0 340.0 340.0 340.0 340.0 340.0 340.0 340.0 340.0 340.0 340.0 340.0 340.0 340.0 340.0 340.0 340.0 340.0 340.0 340.0 350.0 350.0 350.0 350.0 350.0 350.0 350.0 350.0 350.0 350.0 350.0 350.0 350.0 350.0 350.0 20.0 20.0 20.0 20.0 20.0 20.0 20.0 20.0 20.0 20.0 20.0 20.0 20.0 20.0 20.0 10.0 10.0 10.0 10.0 10.0 10.0 10.0 10.0 9999.0 9999.0 9999.0 9999.0 9999.0 9999.0 9999.0 20.0 20.0 20.0 20.0 20.0 20.0 20.0 20.0 280.0 280.0 280.0 280.0 280.0 280.0 280.0 350.0 350.0 350.0 350.0 350.0 350.0 350.0 350.0 350.0 350.0 350.0 350.0 350.0 350.0 350.0 350.0 350.0 350.0 350.0 350.0 350.0 350.0 350.0 9999.0 9999.0 9999.0 9999.0 9999.0 9999.0 9999.0 350.0 350.0 350.0 350.0 350.0 350.0 350.0 350.0 9999.0 9999.0 9999.0 9999.0 9999.0 9999.0 9999.0 350.0 350.0 350.0 350.0 350.0 350.0 350.0 350.0
